#RANK	ID	GENE_SYMBOL	ENTREZ_GENE_ID	MOI	P-VALUE	EXOMISER_GENE_COMBINED_SCORE	EXOMISER_GENE_PHENO_SCORE	EXOMISER_GENE_VARIANT_SCORE	HUMAN_PHENO_SCORE	MOUSE_PHENO_SCORE	FISH_PHENO_SCORE	WALKER_SCORE	PHIVE_ALL_SPECIES_SCORE	OMIM_SCORE	MATCHES_CANDIDATE_GENE	HUMAN_PHENO_EVIDENCE	MOUSE_PHENO_EVIDENCE	FISH_PHENO_EVIDENCE	HUMAN_PPI_EVIDENCE	MOUSE_PPI_EVIDENCE	FISH_PPI_EVIDENCE
1	TNF_AD	TNF	7124	AD	0.0062	0.8221	0.5421	1.0000	0.0000	0.5421	0.0000	0.0000	0.5421	1.0000	0		Brachydactyly (HP:0001156)-abnormal wrist joint morphology (MP:0030814), Craniosynostosis (HP:0001363)-accelerated temporomandibular joint osteoarthritis (MP:0030332), Broad hallux (HP:0010055)-abnormal wrist joint morphology (MP:0030814), Broad thumb (HP:0011304)-abnormal wrist joint morphology (MP:0030814), 				
2	RYR2_AD	RYR2	6262	AD	0.0078	0.7789	0.5160	1.0000	0.0000	0.0000	0.0000	0.5160	0.5160	1.0000	0					Proximity to ASPH Brachydactyly (HP:0001156)-syndactyly (MP:0000564), Broad hallux (HP:0010055)-syndactyly (MP:0000564), Broad thumb (HP:0011304)-syndactyly (MP:0000564), 	
3	FOXN1_AR	FOXN1	8456	AR	0.0077	0.7781	0.6979	0.7937	0.3532	0.6979	0.0000	0.5540	0.6979	1.0000	0	T-cell immunodeficiency, congenital alopecia, and nail dystrophy (OMIM:601705): Brachydactyly (HP:0001156)-Nail dystrophy (HP:0008404), Broad hallux (HP:0010055)-Nail dystrophy (HP:0008404), Broad thumb (HP:0011304)-Nail dystrophy (HP:0008404), 	Brachydactyly (HP:0001156)-abnormal nail morphology (MP:0000579), Broad hallux (HP:0010055)-abnormal nail morphology (MP:0000579), Broad thumb (HP:0011304)-abnormal nail morphology (MP:0000579), 		Proximity to DSG4 associated with Monilethrix (ORPHA:573): Brachydactyly (HP:0001156)-Abnormality of the nail (HP:0001597), Broad hallux (HP:0010055)-Abnormality of the nail (HP:0001597), Broad thumb (HP:0011304)-Abnormality of the nail (HP:0001597), 	Proximity to DSG4 Brachydactyly (HP:0001156)-deformed nails (MP:0000580), Broad hallux (HP:0010055)-long toenails (MP:0000583), Broad thumb (HP:0011304)-deformed nails (MP:0000580), 	
4	SENP3_AD	SENP3	26168	AD	0.0085	0.7627	0.5072	1.0000	0.0000	0.0000	0.0000	0.5072	0.5072	1.0000	0				Proximity to KANSL1 associated with 17q21.31 microdeletion syndrome (ORPHA:363958): Brachydactyly (HP:0001156)-Arachnodactyly (HP:0001166), Craniosynostosis (HP:0001363)-Craniosynostosis (HP:0001363), Broad hallux (HP:0010055)-Arachnodactyly (HP:0001166), Broad thumb (HP:0011304)-Arachnodactyly (HP:0001166), 		
5	FREM1_AR	FREM1	158326	AR	0.0088	0.7599	0.9920	0.4495	0.4938	0.9920	0.0000	0.5000	0.9920	1.0000	0	Trigonocephaly 2 (OMIM:614485): Craniosynostosis (HP:0001363)-Metopic synostosis (HP:0011330), 	Brachydactyly (HP:0001156)-syndactyly (MP:0000564), Craniosynostosis (HP:0001363)-premature metopic suture closure (MP:0030367), Broad hallux (HP:0010055)-syndactyly (MP:0000564), Broad thumb (HP:0011304)-syndactyly (MP:0000564), 		Proximity to FGFR3 associated with Muenke syndrome (OMIM:602849): Brachydactyly (HP:0001156)-Brachydactyly (HP:0001156), Craniosynostosis (HP:0001363)-Coronal craniosynostosis (HP:0004440), Broad hallux (HP:0010055)-Broad hallux (HP:0010055), Broad thumb (HP:0011304)-Broad thumb (HP:0011304), 	Proximity to FGFR3 Brachydactyly (HP:0001156)-abnormal long bone metaphysis morphology (MP:0000133), Craniosynostosis (HP:0001363)-premature craniofacial suture closure (MP:0030435), Broad hallux (HP:0010055)-abnormal long bone metaphysis morphology (MP:0000133), Broad thumb (HP:0011304)-abnormal long bone metaphysis morphology (MP:0000133), 	
6	IRAK3_AR	IRAK3	11213	AR	0.0311	0.6427	0.5038	0.9407	0.0000	0.4707	0.0000	0.5038	0.5038	1.0000	0		Brachydactyly (HP:0001156)-decreased diameter of femur (MP:0008152), Craniosynostosis (HP:0001363)-abnormal trabecular bone morphology (MP:0000130), Broad hallux (HP:0010055)-decreased diameter of femur (MP:0008152), Broad thumb (HP:0011304)-decreased diameter of femur (MP:0008152), 		Proximity to PRKD1 associated with Congenital heart defects and ectodermal dysplasia (OMIM:617364): Brachydactyly (HP:0001156)-Syndactyly (HP:0001159), Broad hallux (HP:0010055)-Syndactyly (HP:0001159), Broad thumb (HP:0011304)-Broad thumb (HP:0011304), 		
7	FGFR3_AR	FGFR3	2261	AR	0.0392	0.5975	0.8755	0.4991	0.8722	0.8755	0.0000	0.5120	0.8755	1.0000	0	Muenke syndrome (OMIM:602849): Brachydactyly (HP:0001156)-Brachydactyly (HP:0001156), Craniosynostosis (HP:0001363)-Coronal craniosynostosis (HP:0004440), Broad hallux (HP:0010055)-Broad hallux (HP:0010055), Broad thumb (HP:0011304)-Broad thumb (HP:0011304), 	Brachydactyly (HP:0001156)-abnormal long bone metaphysis morphology (MP:0000133), Craniosynostosis (HP:0001363)-premature craniofacial suture closure (MP:0030435), Broad hallux (HP:0010055)-abnormal long bone metaphysis morphology (MP:0000133), Broad thumb (HP:0011304)-abnormal long bone metaphysis morphology (MP:0000133), 		Proximity to FOXN1 associated with T-cell immunodeficiency, congenital alopecia, and nail dystrophy (OMIM:601705): Brachydactyly (HP:0001156)-Nail dystrophy (HP:0008404), Broad hallux (HP:0010055)-Nail dystrophy (HP:0008404), Broad thumb (HP:0011304)-Nail dystrophy (HP:0008404), 	Proximity to FOXN1 Brachydactyly (HP:0001156)-abnormal nail morphology (MP:0000579), Broad hallux (HP:0010055)-abnormal nail morphology (MP:0000579), Broad thumb (HP:0011304)-abnormal nail morphology (MP:0000579), 	
8	DACH1_AR	DACH1	1602	AR	0.0647	0.4478	0.5072	0.8500	0.0000	0.0000	0.0000	0.5072	0.5072	1.0000	0				Proximity to MEIS2 associated with Cleft palate, cardiac defects, and mental retardation (OMIM:600987): Brachydactyly (HP:0001156)-Short 5th finger (HP:0009237), Broad hallux (HP:0010055)-Broad hallux (HP:0010055), Broad thumb (HP:0011304)-Broad thumb (HP:0011304), 	Proximity to MEIS2 Craniosynostosis (HP:0001363)-abnormal cornea morphology (MP:0001312), 	
9	GLCE_AR	GLCE	26035	AR	0.0952	0.2840	0.7637	0.4818	0.0000	0.7637	0.0000	0.5249	0.7637	1.0000	0		Brachydactyly (HP:0001156)-polydactyly (MP:0000562), Craniosynostosis (HP:0001363)-abnormal bone mineralization (MP:0002896), Broad hallux (HP:0010055)-absent tarsus bones (MP:0009729), Broad thumb (HP:0011304)-abnormal phalanx morphology (MP:0005306), 		Proximity to HS2ST1 associated with Non-specific syndromic intellectual disability (ORPHA:528084): Brachydactyly (HP:0001156)-Short hallux (HP:0010109), Broad hallux (HP:0010055)-Broad hallux (HP:0010055), Broad thumb (HP:0011304)-Broad thumb (HP:0011304), 	Proximity to HS2ST1 Brachydactyly (HP:0001156)-polydactyly (MP:0000562), Craniosynostosis (HP:0001363)-abnormal bone mineralization (MP:0002896), Broad hallux (HP:0010055)-polydactyly (MP:0000562), Broad thumb (HP:0011304)-polydactyly (MP:0000562), 	
10	LRP5L_AR	LRP5L	91355	AR	0.0962	0.2799	0.7571	0.4871	0.0000	0.7571	0.0000	0.5000	0.7571	1.0000	0		Brachydactyly (HP:0001156)-abnormal phalanx morphology (MP:0005306), Broad hallux (HP:0010055)-abnormal phalanx morphology (MP:0005306), Broad thumb (HP:0011304)-abnormal phalanx morphology (MP:0005306), 			Proximity to SCLT1 Brachydactyly (HP:0001156)-preaxial polydactyly (MP:0009743), Broad hallux (HP:0010055)-preaxial polydactyly (MP:0009743), Broad thumb (HP:0011304)-preaxial polydactyly (MP:0009743), 	
11	FAT4_AR	FAT4	79633	AR	0.0995	0.2642	0.7385	0.4996	0.7385	0.5525	0.0000	0.5001	0.7385	1.0000	0	Hennekam syndrome (ORPHA:2136): Brachydactyly (HP:0001156)-Finger syndactyly (HP:0006101), Craniosynostosis (HP:0001363)-Craniosynostosis (HP:0001363), Broad hallux (HP:0010055)-Finger syndactyly (HP:0006101), Broad thumb (HP:0011304)-Camptodactyly of finger (HP:0100490), 	Brachydactyly (HP:0001156)-wide sternum (MP:0012279), Craniosynostosis (HP:0001363)-abnormal endochondral bone ossification (MP:0008272), Broad hallux (HP:0010055)-wide sternum (MP:0012279), Broad thumb (HP:0011304)-wide sternum (MP:0012279), 		Proximity to PALS1 associated with Non-specific syndromic intellectual disability (ORPHA:528084): Brachydactyly (HP:0001156)-Short hallux (HP:0010109), Broad hallux (HP:0010055)-Broad hallux (HP:0010055), Broad thumb (HP:0011304)-Broad thumb (HP:0011304), 		Proximity to PALS1 Craniosynostosis (HP:0001363)-head surface feature shape, abnormal (ZP:0001253), 
12	RECQL_AR	RECQL	5965	AR	0.1009	0.2569	0.5044	0.7604	0.0000	0.0000	0.0000	0.5044	0.5044	1.0000	0				Proximity to IFIH1 associated with Singleton-Merten syndrome 1 (OMIM:182250): Brachydactyly (HP:0001156)-Expanded phalanges with widened medullary cavities (HP:0006112), Broad hallux (HP:0010055)-Expanded metatarsals with widened medullary cavities (HP:0008102), Broad thumb (HP:0011304)-Expanded phalanges with widened medullary cavities (HP:0006112), 		
13	PLK4_AR	PLK4	10733	AR	0.1345	0.1398	0.7502	0.4000	0.7502	0.0000	0.0000	0.5034	0.7502	1.0000	0	Seckel syndrome (ORPHA:808): Brachydactyly (HP:0001156)-Clinodactyly of the 5th finger (HP:0004209), Craniosynostosis (HP:0001363)-Craniosynostosis (HP:0001363), Broad hallux (HP:0010055)-Sandal gap (HP:0001852), Broad thumb (HP:0011304)-Clinodactyly of the 5th finger (HP:0004209), 				Proximity to CEP135 Brachydactyly (HP:0001156)-polydactyly (MP:0000562), Craniosynostosis (HP:0001363)-abnormal head shape (MP:0011495), Broad hallux (HP:0010055)-polydactyly (MP:0000562), Broad thumb (HP:0011304)-polydactyly (MP:0000562), 	
14	FANCM_AR	FANCM	57697	AR	0.1361	0.1351	0.6732	0.4828	0.6732	0.0000	0.0000	0.5074	0.6732	1.0000	0	Fanconi anemia (ORPHA:84): Brachydactyly (HP:0001156)-Toe syndactyly (HP:0001770), Craniosynostosis (HP:0001363)-Dolichocephaly (HP:0000268), Broad hallux (HP:0010055)-Toe syndactyly (HP:0001770), Broad thumb (HP:0011304)-Triphalangeal thumb (HP:0001199), 			Proximity to PALB2 associated with Fanconi anemia (ORPHA:84): Brachydactyly (HP:0001156)-Toe syndactyly (HP:0001770), Craniosynostosis (HP:0001363)-Dolichocephaly (HP:0000268), Broad hallux (HP:0010055)-Toe syndactyly (HP:0001770), Broad thumb (HP:0011304)-Triphalangeal thumb (HP:0001199), 	Proximity to PALB2 Brachydactyly (HP:0001156)-abnormal tail bud morphology (MP:0002861), Broad hallux (HP:0010055)-abnormal tail bud morphology (MP:0002861), Broad thumb (HP:0011304)-abnormal tail bud morphology (MP:0002861), 	
15	LRP5_AR	LRP5	4041	AR	0.1492	0.1048	0.7571	0.3565	0.6005	0.7571	0.0000	0.5055	0.7571	1.0000	0	Osteoporosis-pseudoglioma syndrome (ORPHA:2788): Brachydactyly (HP:0001156)-Abnormal femoral neck/head morphology (HP:0003366), Craniosynostosis (HP:0001363)-Wormian bones (HP:0002645), Broad hallux (HP:0010055)-Abnormal femoral neck/head morphology (HP:0003366), Broad thumb (HP:0011304)-Abnormal femoral neck/head morphology (HP:0003366), 	Brachydactyly (HP:0001156)-abnormal phalanx morphology (MP:0005306), Broad hallux (HP:0010055)-abnormal phalanx morphology (MP:0005306), Broad thumb (HP:0011304)-abnormal phalanx morphology (MP:0005306), 		Proximity to ROR2 associated with Robinow syndrome, autosomal recessive (OMIM:268310): Brachydactyly (HP:0001156)-Brachydactyly (HP:0001156), Craniosynostosis (HP:0001363)-Delayed cranial suture closure (HP:0000270), Broad hallux (HP:0010055)-Broad toe (HP:0001837), Broad thumb (HP:0011304)-Broad thumb (HP:0011304), 	Proximity to ROR2 Brachydactyly (HP:0001156)-brachydactyly (MP:0002544), Craniosynostosis (HP:0001363)-delayed endochondral bone ossification (MP:0003419), Broad hallux (HP:0010055)-brachydactyly (MP:0002544), Broad thumb (HP:0011304)-abnormal phalanx morphology (MP:0005306), 	
16	MASP1_AR	MASP1	5648	AR	0.1536	0.0957	0.7297	0.3764	0.7297	0.0000	0.0000	0.0000	0.7297	1.0000	0	3MC syndrome (ORPHA:293843): Brachydactyly (HP:0001156)-Radioulnar synostosis (HP:0002974), Craniosynostosis (HP:0001363)-Craniosynostosis (HP:0001363), Broad hallux (HP:0010055)-Radioulnar synostosis (HP:0002974), Broad thumb (HP:0011304)-Radioulnar synostosis (HP:0002974), 					
17	GLI3_AR	GLI3	2737	AR	0.1619	0.0805	1.0000	0.0499	0.8643	1.0000	0.0000	0.5513	1.0000	1.0000	0	Greig cephalopolysyndactyly syndrome (OMIM:175700): Brachydactyly (HP:0001156)-Broad hallux (HP:0010055), Craniosynostosis (HP:0001363)-Craniosynostosis (HP:0001363), Broad hallux (HP:0010055)-Broad hallux (HP:0010055), Broad thumb (HP:0011304)-Broad thumb (HP:0011304), 	Brachydactyly (HP:0001156)-abnormal digit morphology (MP:0002110), Craniosynostosis (HP:0001363)-abnormal interfrontal bone morphology (MP:0008818), Broad hallux (HP:0010055)-abnormal hallux morphology (MP:0009049), Broad thumb (HP:0011304)-brachyphalangia (MP:0002543), 		Proximity to KIF7 associated with Joubert syndrome 12 (OMIM:200990): Brachydactyly (HP:0001156)-Brachydactyly (HP:0001156), Craniosynostosis (HP:0001363)-Prominent occiput (HP:0000269), Broad hallux (HP:0010055)-Preaxial foot polydactyly (HP:0001841), Broad thumb (HP:0011304)-Duplication of thumb phalanx (HP:0009942), 	Proximity to KIF7 Brachydactyly (HP:0001156)-polydactyly (MP:0000562), Craniosynostosis (HP:0001363)-anophthalmia (MP:0001293), Broad hallux (HP:0010055)-polydactyly (MP:0000562), Broad thumb (HP:0011304)-polydactyly (MP:0000562), 	
18	ITGAE_AR	ITGAE	3682	AR	0.1635	0.0779	0.5017	0.6100	0.0000	0.0000	0.0000	0.5017	0.5017	1.0000	0				Proximity to ITGB6 associated with Alopecia-intellectual disability syndrome (ORPHA:2850): Brachydactyly (HP:0001156)-Brachydactyly (HP:0001156), Broad hallux (HP:0010055)-Brachydactyly (HP:0001156), Broad thumb (HP:0011304)-Brachydactyly (HP:0001156), 	Proximity to ITGB6 Brachydactyly (HP:0001156)-abnormal digit morphology (MP:0002110), Craniosynostosis (HP:0001363)-abnormal eye morphology (MP:0002092), Broad hallux (HP:0010055)-abnormal digit morphology (MP:0002110), Broad thumb (HP:0011304)-abnormal digit morphology (MP:0002110), 	
19	FGFR2_AD	FGFR2	2263	AD	0.1821	0.0525	1.0000	0.0000	0.8816	1.0000	0.0000	0.5063	1.0000	1.0000	0	Jackson-Weiss syndrome (OMIM:123150): Brachydactyly (HP:0001156)-Broad hallux (HP:0010055), Craniosynostosis (HP:0001363)-Craniosynostosis (HP:0001363), Broad hallux (HP:0010055)-Broad hallux (HP:0010055), Broad thumb (HP:0011304)-Broad metatarsal (HP:0001783), 	Brachydactyly (HP:0001156)-abnormal sternum morphology (MP:0000157), Craniosynostosis (HP:0001363)-premature cranial suture closure (MP:0000081), Broad hallux (HP:0010055)-abnormal sternum morphology (MP:0000157), Broad thumb (HP:0011304)-abnormal sternum morphology (MP:0000157), 		Proximity to SALL4 associated with Duane retraction syndrome (ORPHA:233): Brachydactyly (HP:0001156)-Brachydactyly (HP:0001156), Craniosynostosis (HP:0001363)-Plagiocephaly (HP:0001357), Broad hallux (HP:0010055)-Brachydactyly (HP:0001156), Broad thumb (HP:0011304)-Triphalangeal thumb (HP:0001199), 	Proximity to SALL4 Brachydactyly (HP:0001156)-abnormal digit morphology (MP:0002110), Craniosynostosis (HP:0001363)-abnormal carpal bone morphology (MP:0000554), Broad hallux (HP:0010055)-abnormal digit morphology (MP:0002110), Broad thumb (HP:0011304)-abnormal phalanx morphology (MP:0005306), 	
20	CLEC16A_AR	CLEC16A	23274	AR	0.1857	0.0489	0.7433	0.2825	0.0000	0.7433	0.0000	0.5000	0.7433	1.0000	0		Brachydactyly (HP:0001156)-abnormal digit morphology (MP:0002110), Craniosynostosis (HP:0001363)-narrow eye opening (MP:0005287), Broad hallux (HP:0010055)-abnormal digit morphology (MP:0002110), Broad thumb (HP:0011304)-abnormal digit morphology (MP:0002110), 		Proximity to SDHD associated with Cowden syndrome (ORPHA:201): Brachydactyly (HP:0001156)-Brachydactyly (HP:0001156), Broad hallux (HP:0010055)-Brachydactyly (HP:0001156), Broad thumb (HP:0011304)-Brachydactyly (HP:0001156), 		
21	THOC5_AR	THOC5	8563	AR	0.1859	0.0485	0.5937	0.4508	0.0000	0.0000	0.0000	0.5937	0.5937	1.0000	0				Proximity to UBR7 associated with Non-specific syndromic intellectual disability (ORPHA:528084): Brachydactyly (HP:0001156)-Short hallux (HP:0010109), Broad hallux (HP:0010055)-Broad hallux (HP:0010055), Broad thumb (HP:0011304)-Broad thumb (HP:0011304), 		
21	FREM1_AD	FREM1	158326	AD	0.1860	0.0485	0.9920	0.0000	0.4938	0.9920	0.0000	0.5000	0.9920	1.0000	0	Trigonocephaly 2 (OMIM:614485): Craniosynostosis (HP:0001363)-Metopic synostosis (HP:0011330), 	Brachydactyly (HP:0001156)-syndactyly (MP:0000564), Craniosynostosis (HP:0001363)-premature metopic suture closure (MP:0030367), Broad hallux (HP:0010055)-syndactyly (MP:0000564), Broad thumb (HP:0011304)-syndactyly (MP:0000564), 		Proximity to FGFR3 associated with Muenke syndrome (OMIM:602849): Brachydactyly (HP:0001156)-Brachydactyly (HP:0001156), Craniosynostosis (HP:0001363)-Coronal craniosynostosis (HP:0004440), Broad hallux (HP:0010055)-Broad hallux (HP:0010055), Broad thumb (HP:0011304)-Broad thumb (HP:0011304), 	Proximity to FGFR3 Brachydactyly (HP:0001156)-abnormal long bone metaphysis morphology (MP:0000133), Craniosynostosis (HP:0001363)-premature craniofacial suture closure (MP:0030435), Broad hallux (HP:0010055)-abnormal long bone metaphysis morphology (MP:0000133), Broad thumb (HP:0011304)-abnormal long bone metaphysis morphology (MP:0000133), 	
23	FAM110B_AR	FAM110B	90362	AR	0.1877	0.0470	0.5471	0.4999	0.0000	0.0000	0.0000	0.5471	0.5471	1.0000	0				Proximity to CSPP1 associated with Joubert syndrome with Jeune asphyxiating thoracic dystrophy (ORPHA:397715): Brachydactyly (HP:0001156)-Brachydactyly (HP:0001156), Craniosynostosis (HP:0001363)-Frontal bossing (HP:0002007), Broad hallux (HP:0010055)-Brachydactyly (HP:0001156), Broad thumb (HP:0011304)-Abnormal 5th metacarpal morphology (HP:0010013), 	Proximity to CSPP1 Craniosynostosis (HP:0001363)-decreased bone mineral content (MP:0010124), 	
24	TMPO_AR	TMPO	7112	AR	0.1914	0.0431	0.5485	0.4885	0.1739	0.5485	0.0000	0.5113	0.5485	1.0000	0	Familial isolated dilated cardiomyopathy (ORPHA:154): Broad hallux (HP:0010055)-Palmoplantar keratoderma (HP:0000982), Broad thumb (HP:0011304)-Palmoplantar keratoderma (HP:0000982), 	Brachydactyly (HP:0001156)-abnormal autopod morphology (MP:0000572), Broad hallux (HP:0010055)-abnormal autopod morphology (MP:0000572), Broad thumb (HP:0011304)-abnormal autopod morphology (MP:0000572), 		Proximity to LEMD3 associated with Buschke-Ollendorff syndrome (ORPHA:1306): Brachydactyly (HP:0001156)-Cutaneous finger syndactyly (HP:0010554), Craniosynostosis (HP:0001363)-Craniosynostosis (HP:0001363), Broad hallux (HP:0010055)-Cutaneous finger syndactyly (HP:0010554), Broad thumb (HP:0011304)-Cutaneous finger syndactyly (HP:0010554), 		
25	RELN_AR	RELN	5649	AR	0.1924	0.0423	0.5367	0.4998	0.5367	0.3232	0.0000	0.5141	0.5367	1.0000	0	Lissencephaly syndrome, Norman-Roberts type (ORPHA:89844): Brachydactyly (HP:0001156)-Adducted thumb (HP:0001181), Craniosynostosis (HP:0001363)-Dolichocephaly (HP:0000268), Broad hallux (HP:0010055)-Rocker bottom foot (HP:0001838), Broad thumb (HP:0011304)-Adducted thumb (HP:0001181), 	Craniosynostosis (HP:0001363)-abnormal cone electrophysiology (MP:0004022), 		Proximity to TBR1 associated with Non-specific syndromic intellectual disability (ORPHA:528084): Brachydactyly (HP:0001156)-Short hallux (HP:0010109), Broad hallux (HP:0010055)-Broad hallux (HP:0010055), Broad thumb (HP:0011304)-Broad thumb (HP:0011304), 		
26	SFRP4_AR	SFRP4	6424	AR	0.1939	0.0410	0.5334	0.5000	0.4942	0.5334	0.0000	0.5039	0.5334	1.0000	0	Pyle disease (OMIM:265900): Brachydactyly (HP:0001156)-Genu valgum (HP:0002857), Craniosynostosis (HP:0001363)-Thickened calvaria (HP:0002684), Broad hallux (HP:0010055)-Genu valgum (HP:0002857), Broad thumb (HP:0011304)-Metaphyseal widening (HP:0003016), 	Brachydactyly (HP:0001156)-abnormal long bone metaphysis morphology (MP:0000133), Craniosynostosis (HP:0001363)-abnormal bone ossification (MP:0008271), Broad hallux (HP:0010055)-abnormal long bone metaphysis morphology (MP:0000133), Broad thumb (HP:0011304)-abnormal long bone metaphysis morphology (MP:0000133), 		Proximity to WNT10A associated with Autosomal recessive hypohidrotic ectodermal dysplasia (ORPHA:248): Brachydactyly (HP:0001156)-Abnormal fingernail morphology (HP:0001231), Broad hallux (HP:0010055)-Abnormal toenail morphology (HP:0008388), Broad thumb (HP:0011304)-Abnormal fingernail morphology (HP:0001231), 	Proximity to WNT10A Brachydactyly (HP:0001156)-abnormal nail morphology (MP:0000579), Craniosynostosis (HP:0001363)-abnormal molar morphology (MP:0002689), Broad hallux (HP:0010055)-abnormal nail morphology (MP:0000579), Broad thumb (HP:0011304)-abnormal nail morphology (MP:0000579), 	
27	BMPR1B_AD	BMPR1B	658	AD	0.1956	0.0395	0.9714	0.0000	0.8149	0.9714	0.0000	0.5187	0.9714	1.0000	0	Brachydactyly, type A2 (OMIM:112600): Brachydactyly (HP:0001156)-Short 2nd finger (HP:0009536), Broad hallux (HP:0010055)-Broad hallux (HP:0010055), Broad thumb (HP:0011304)-Triangular shaped middle phalanx of the 5th finger (HP:0009182), 	Brachydactyly (HP:0001156)-brachydactyly (MP:0002544), Craniosynostosis (HP:0001363)-fused metatarsal bones (MP:0004642), Broad hallux (HP:0010055)-abnormal metatarsal bone morphology (MP:0003072), Broad thumb (HP:0011304)-abnormal phalanx morphology (MP:0005306), 		Proximity to GDF6 associated with Multiple synostoses syndrome 4 (OMIM:617898): Brachydactyly (HP:0001156)-Brachydactyly (HP:0001156), Broad hallux (HP:0010055)-Overlapping toe (HP:0001845), Broad thumb (HP:0011304)-Brachydactyly (HP:0001156), 	Proximity to GDF6 Brachydactyly (HP:0001156)-abnormal carpal bone morphology (MP:0000554), Craniosynostosis (HP:0001363)-absent coronal suture (MP:0030349), Broad hallux (HP:0010055)-abnormal tarsal bone morphology (MP:0005104), Broad thumb (HP:0011304)-abnormal carpal bone morphology (MP:0000554), 	
27	BMPR1B_AR	BMPR1B	658	AR	0.1957	0.0395	0.9714	0.0000	0.8149	0.9714	0.0000	0.5187	0.9714	1.0000	0	Brachydactyly, type A2 (OMIM:112600): Brachydactyly (HP:0001156)-Short 2nd finger (HP:0009536), Broad hallux (HP:0010055)-Broad hallux (HP:0010055), Broad thumb (HP:0011304)-Triangular shaped middle phalanx of the 5th finger (HP:0009182), 	Brachydactyly (HP:0001156)-brachydactyly (MP:0002544), Craniosynostosis (HP:0001363)-fused metatarsal bones (MP:0004642), Broad hallux (HP:0010055)-abnormal metatarsal bone morphology (MP:0003072), Broad thumb (HP:0011304)-abnormal phalanx morphology (MP:0005306), 		Proximity to GDF6 associated with Multiple synostoses syndrome 4 (OMIM:617898): Brachydactyly (HP:0001156)-Brachydactyly (HP:0001156), Broad hallux (HP:0010055)-Overlapping toe (HP:0001845), Broad thumb (HP:0011304)-Brachydactyly (HP:0001156), 	Proximity to GDF6 Brachydactyly (HP:0001156)-abnormal carpal bone morphology (MP:0000554), Craniosynostosis (HP:0001363)-absent coronal suture (MP:0030349), Broad hallux (HP:0010055)-abnormal tarsal bone morphology (MP:0005104), Broad thumb (HP:0011304)-abnormal carpal bone morphology (MP:0000554), 	
29	LAMB4_AR	LAMB4	22798	AR	0.1966	0.0387	0.5019	0.5292	0.0000	0.0000	0.0000	0.5019	0.5019	1.0000	0				Proximity to ITGB6 associated with Alopecia-intellectual disability syndrome (ORPHA:2850): Brachydactyly (HP:0001156)-Brachydactyly (HP:0001156), Broad hallux (HP:0010055)-Brachydactyly (HP:0001156), Broad thumb (HP:0011304)-Brachydactyly (HP:0001156), 	Proximity to ITGB6 Brachydactyly (HP:0001156)-abnormal digit morphology (MP:0002110), Craniosynostosis (HP:0001363)-abnormal eye morphology (MP:0002092), Broad hallux (HP:0010055)-abnormal digit morphology (MP:0002110), Broad thumb (HP:0011304)-abnormal digit morphology (MP:0002110), 	
30	EPB41L5_AR	EPB41L5	57669	AR	0.1970	0.0384	0.5307	0.4957	0.0000	0.2623	0.0000	0.5307	0.5307	1.0000	0		Craniosynostosis (HP:0001363)-abnormal retina morphology (MP:0001325), 		Proximity to NXN associated with Robinow syndrome, autosomal recessive 2 (OMIM:618529): Brachydactyly (HP:0001156)-Brachydactyly (HP:0001156), Craniosynostosis (HP:0001363)-Frontal bossing (HP:0002007), Broad hallux (HP:0010055)-Clinodactyly (HP:0030084), Broad thumb (HP:0011304)-Broad thumb (HP:0011304), 	Proximity to NXN Brachydactyly (HP:0001156)-abnormal digit morphology (MP:0002110), Broad hallux (HP:0010055)-abnormal digit morphology (MP:0002110), Broad thumb (HP:0011304)-abnormal digit morphology (MP:0002110), 	
31	DNAH11_AR	DNAH11	8701	AR	0.1971	0.0382	0.5485	0.4749	0.4785	0.5485	0.0000	0.5200	0.5485	1.0000	0	Primary ciliary dyskinesia (ORPHA:244): Brachydactyly (HP:0001156)-Clubbing (HP:0001217), Broad hallux (HP:0010055)-Clubbing (HP:0001217), Broad thumb (HP:0011304)-Clubbing (HP:0001217), 	Brachydactyly (HP:0001156)-abnormal autopod morphology (MP:0000572), Broad hallux (HP:0010055)-abnormal autopod morphology (MP:0000572), Broad thumb (HP:0011304)-abnormal autopod morphology (MP:0000572), 			Proximity to SP8 Brachydactyly (HP:0001156)-adactyly (MP:0000561), Broad hallux (HP:0010055)-adactyly (MP:0000561), Broad thumb (HP:0011304)-adactyly (MP:0000561), 	
32	UNC13B_AR	UNC13B	10497	AR	0.1974	0.0381	0.5267	0.4992	0.0000	0.3185	0.0000	0.5267	0.5267	1.0000	0		Craniosynostosis (HP:0001363)-abnormal cone electrophysiology (MP:0004022), 			Proximity to RAB34 Brachydactyly (HP:0001156)-polydactyly (MP:0000562), Craniosynostosis (HP:0001363)-anophthalmia (MP:0001293), Broad hallux (HP:0010055)-polydactyly (MP:0000562), Broad thumb (HP:0011304)-polydactyly (MP:0000562), 	
32	NID1_AR	NID1	4811	AR	0.1971	0.0381	0.5420	0.4818	0.0000	0.2782	0.0000	0.5420	0.5420	1.0000	0		Craniosynostosis (HP:0001363)-abnormal lens morphology (MP:0001303), 			Proximity to FOXN3 Craniosynostosis (HP:0001363)-delayed cranial suture closure (MP:0010743), 	
34	SENP3_AR	SENP3	26168	AR	0.2062	0.0315	0.5072	0.5000	0.0000	0.0000	0.0000	0.5072	0.5072	1.0000	0				Proximity to KANSL1 associated with 17q21.31 microdeletion syndrome (ORPHA:363958): Brachydactyly (HP:0001156)-Arachnodactyly (HP:0001166), Craniosynostosis (HP:0001363)-Craniosynostosis (HP:0001363), Broad hallux (HP:0010055)-Arachnodactyly (HP:0001166), Broad thumb (HP:0011304)-Arachnodactyly (HP:0001166), 		
35	PI4KA_AR	PI4KA	5297	AR	0.2061	0.0312	0.5063	0.4997	0.5058	0.0000	0.0000	0.5063	0.5063	1.0000	0	Gastrointestinal defects and immunodeficiency syndrome 2 (OMIM:619708): Brachydactyly (HP:0001156)-Overlapping fingers (HP:0010557), Craniosynostosis (HP:0001363)-Dolichocephaly (HP:0000268), Broad hallux (HP:0010055)-Overlapping fingers (HP:0010557), Broad thumb (HP:0011304)-Overlapping fingers (HP:0010557), 			Proximity to INPP5E associated with Joubert syndrome (ORPHA:475): Brachydactyly (HP:0001156)-Foot polydactyly (HP:0001829), Craniosynostosis (HP:0001363)-Biparietal narrowing (HP:0004422), Broad hallux (HP:0010055)-Foot polydactyly (HP:0001829), Broad thumb (HP:0011304)-Hand polydactyly (HP:0001161), 	Proximity to INPP5E Brachydactyly (HP:0001156)-postaxial polydactyly (MP:0009744), Craniosynostosis (HP:0001363)-delayed endochondral bone ossification (MP:0003419), Broad hallux (HP:0010055)-postaxial polydactyly (MP:0009744), Broad thumb (HP:0011304)-abnormal phalanx morphology (MP:0005306), 	
36	CNNM3_AR	CNNM3	26505	AR	0.2073	0.0308	0.5085	0.4956	0.0000	0.0000	0.0000	0.5085	0.5085	1.0000	0					Proximity to CRABP2 Brachydactyly (HP:0001156)-polydactyly (MP:0000562), Broad hallux (HP:0010055)-polydactyly (MP:0000562), Broad thumb (HP:0011304)-polydactyly (MP:0000562), 	
37	LAMA2_AR	LAMA2	3908	AR	0.2078	0.0303	0.5038	0.4992	0.0000	0.4874	0.0000	0.5038	0.5038	1.0000	0		Craniosynostosis (HP:0001363)-increased cranium width (MP:0000441), 			Proximity to LAMA5 Brachydactyly (HP:0001156)-abnormal digit morphology (MP:0002110), Broad hallux (HP:0010055)-abnormal digit morphology (MP:0002110), Broad thumb (HP:0011304)-abnormal digit morphology (MP:0002110), 	
38	EP400_AR	EP400	57634	AR	0.2084	0.0301	0.5049	0.4972	0.0000	0.0000	0.0000	0.5049	0.5049	1.0000	0				Proximity to ACTL6B associated with Non-specific syndromic intellectual disability (ORPHA:528084): Brachydactyly (HP:0001156)-Short hallux (HP:0010109), Broad hallux (HP:0010055)-Broad hallux (HP:0010055), Broad thumb (HP:0011304)-Broad thumb (HP:0011304), 		
39	RPS6KA5_AR	RPS6KA5	9252	AR	0.2083	0.0300	0.5022	0.5000	0.0000	0.0000	0.0000	0.5022	0.5022	1.0000	0				Proximity to RPS6KA3 associated with Coffin-Lowry syndrome (ORPHA:192): Brachydactyly (HP:0001156)-Brachydactyly (HP:0001156), Craniosynostosis (HP:0001363)-Craniofacial hyperostosis (HP:0004493), Broad hallux (HP:0010055)-Brachydactyly (HP:0001156), Broad thumb (HP:0011304)-Broad finger (HP:0001500), 	Proximity to RPS6KA3 Brachydactyly (HP:0001156)-decreased length of long bones (MP:0004686), Craniosynostosis (HP:0001363)-wide cranial sutures (MP:0030029), Broad hallux (HP:0010055)-decreased length of long bones (MP:0004686), Broad thumb (HP:0011304)-decreased length of long bones (MP:0004686), 	
40	ERN1_AR	ERN1	2081	AR	0.2083	0.0299	0.5019	0.5000	0.0000	0.0000	0.0000	0.5019	0.5019	1.0000	0				Proximity to PSEN1 associated with Familial isolated dilated cardiomyopathy (ORPHA:154): Broad hallux (HP:0010055)-Palmoplantar keratoderma (HP:0000982), Broad thumb (HP:0011304)-Palmoplantar keratoderma (HP:0000982), 	Proximity to PSEN1 Brachydactyly (HP:0001156)-short tail (MP:0000592), Craniosynostosis (HP:0001363)-abnormal sagittal suture morphology (MP:0003843), Broad hallux (HP:0010055)-short tail (MP:0000592), Broad thumb (HP:0011304)-short tail (MP:0000592), 	
41	SMG6_AR	SMG6	23293	AR	0.2087	0.0298	0.5021	0.4995	0.0000	0.0000	0.0000	0.5021	0.5021	1.0000	0				Proximity to SMG9 associated with Heart and brain malformation syndrome (OMIM:616920): Brachydactyly (HP:0001156)-Camptodactyly of finger (HP:0100490), Craniosynostosis (HP:0001363)-Prominent metopic ridge (HP:0005487), Broad hallux (HP:0010055)-Camptodactyly of finger (HP:0100490), Broad thumb (HP:0011304)-Camptodactyly of finger (HP:0100490), 	Proximity to SMG9 Brachydactyly (HP:0001156)-preaxial polydactyly (MP:0009743), Craniosynostosis (HP:0001363)-microphthalmia (MP:0001297), Broad hallux (HP:0010055)-preaxial polydactyly (MP:0009743), Broad thumb (HP:0011304)-preaxial polydactyly (MP:0009743), 	
42	COL6A1_AR	COL6A1	1291	AR	0.2092	0.0294	0.5501	0.4436	0.5501	0.0000	0.0000	0.5055	0.5501	1.0000	0	Congenital muscular dystrophy, Ullrich type (ORPHA:75840): Brachydactyly (HP:0001156)-Slender finger (HP:0001238), Broad hallux (HP:0010055)-Long toe (HP:0010511), Broad thumb (HP:0011304)-Adducted thumb (HP:0001181), 			Proximity to COL10A1 associated with Metaphyseal chondrodysplasia, Schmid type (OMIM:156500): Brachydactyly (HP:0001156)-Short middle phalanx of finger (HP:0005819), Broad hallux (HP:0010055)-Broad middle phalanx of finger (HP:0009844), Broad thumb (HP:0011304)-Broad middle phalanx of finger (HP:0009844), 	Proximity to COL10A1 Brachydactyly (HP:0001156)-abnormal pelvic girdle bone morphology (MP:0004509), Craniosynostosis (HP:0001363)-abnormal endochondral bone ossification (MP:0008272), Broad hallux (HP:0010055)-abnormal pelvic girdle bone morphology (MP:0004509), Broad thumb (HP:0011304)-increased width of hypertrophic chondrocyte zone (MP:0003408), 	
42	RAB6B_AR	RAB6B	51560	AR	0.2094	0.0294	0.5012	0.4986	0.0000	0.0000	0.0000	0.5012	0.5012	1.0000	0					Proximity to TULP3 Brachydactyly (HP:0001156)-abnormal digit morphology (MP:0002110), Broad hallux (HP:0010055)-abnormal digit morphology (MP:0002110), Broad thumb (HP:0011304)-abnormal digit morphology (MP:0002110), 	
44	MZT2A_AR	MZT2A	653784	AR	0.2092	0.0293	0.5078	0.4911	0.0000	0.0000	0.0000	0.5078	0.5078	1.0000	0				Proximity to TOPORS associated with Orofaciodigital syndrome type 6 (ORPHA:2754): Brachydactyly (HP:0001156)-Brachydactyly (HP:0001156), Craniosynostosis (HP:0001363)-Biparietal narrowing (HP:0004422), Broad hallux (HP:0010055)-Foot polydactyly (HP:0001829), Broad thumb (HP:0011304)-Hand polydactyly (HP:0001161), 		
45	HK3_AR	HK3	3101	AR	0.2102	0.0289	0.5015	0.4968	0.0000	0.2748	0.0000	0.5015	0.5015	1.0000	0		Craniosynostosis (HP:0001363)-cataract (MP:0001304), 		Proximity to G6PC3 associated with Dursun syndrome (OMIM:612541): Brachydactyly (HP:0001156)-Clinodactyly (HP:0030084), Broad hallux (HP:0010055)-Clinodactyly (HP:0030084), Broad thumb (HP:0011304)-Broad thumb (HP:0011304), 		
46	UTP20_AR	UTP20	27340	AR	0.2107	0.0287	0.5015	0.4957	0.0000	0.0000	0.0000	0.5015	0.5015	1.0000	0				Proximity to BMS1 associated with Aplasia cutis congenita (ORPHA:1114): Brachydactyly (HP:0001156)-Toe syndactyly (HP:0001770), Craniosynostosis (HP:0001363)-Calvarial skull defect (HP:0001362), Broad hallux (HP:0010055)-Toe syndactyly (HP:0001770), Broad thumb (HP:0011304)-Finger syndactyly (HP:0006101), 	Proximity to BMS1 Craniosynostosis (HP:0001363)-abnormal lens morphology (MP:0001303), 	
47	PPP1R12B_AR	PPP1R12B	4660	AR	0.2106	0.0286	0.5012	0.4957	0.0000	0.0000	0.0000	0.5012	0.5012	1.0000	0				Proximity to PPP1CB associated with Noonan syndrome-like disorder with loose anagen hair 2 (OMIM:617506): Craniosynostosis (HP:0001363)-Craniosynostosis (HP:0001363), Broad thumb (HP:0011304)-Pectus excavatum (HP:0000767), 		
48	GLIS3_AR	GLIS3	169792	AR	0.2124	0.0274	0.5132	0.4774	0.5132	0.0000	0.0000	0.5048	0.5132	1.0000	0	Diabetes mellitus, neonatal, with congenital hypothyroidism (OMIM:610199): Craniosynostosis (HP:0001363)-Sagittal craniosynostosis (HP:0004442), 			Proximity to SUFU associated with Basal cell nevus syndrome (OMIM:109400): Brachydactyly (HP:0001156)-Brachydactyly (HP:0001156), Craniosynostosis (HP:0001363)-Parietal bossing (HP:0000242), Broad hallux (HP:0010055)-Polydactyly (HP:0010442), Broad thumb (HP:0011304)-Short distal phalanx of the thumb (HP:0009650), 	Proximity to SUFU Brachydactyly (HP:0001156)-polydactyly (MP:0000562), Broad hallux (HP:0010055)-polydactyly (MP:0000562), Broad thumb (HP:0011304)-polydactyly (MP:0000562), 	
49	MARK3_AR	MARK3	4140	AR	0.2133	0.0271	0.5017	0.4890	0.0000	0.0000	0.0000	0.5017	0.5017	1.0000	0				Proximity to HDAC4 associated with 2q37 microdeletion syndrome (ORPHA:1001): Brachydactyly (HP:0001156)-Brachydactyly (HP:0001156), Craniosynostosis (HP:0001363)-Frontal bossing (HP:0002007), Broad hallux (HP:0010055)-Toe syndactyly (HP:0001770), Broad thumb (HP:0011304)-Finger syndactyly (HP:0006101), 	Proximity to HDAC4 Brachydactyly (HP:0001156)-abnormal long bone hypertrophic chondrocyte zone (MP:0000165), Craniosynostosis (HP:0001363)-premature lambdoid suture closure (MP:0030356), Broad hallux (HP:0010055)-abnormal long bone hypertrophic chondrocyte zone (MP:0000165), Broad thumb (HP:0011304)-abnormal long bone hypertrophic chondrocyte zone (MP:0000165), 	Proximity to HDAC4 Craniosynostosis (HP:0001363)-anguloarticular premature ossification, abnormal (ZP:0107238), 
50	PRR5L_AR	PRR5L	79899	AR	0.2140	0.0267	0.5072	0.4812	0.0000	0.0000	0.0000	0.5072	0.5072	1.0000	0				Proximity to TELO2 associated with TELO2-related intellectual disability-neurodevelopmental disorder (ORPHA:488642): Brachydactyly (HP:0001156)-Brachydactyly (HP:0001156), Broad hallux (HP:0010055)-4-5 toe syndactyly (HP:0004692), Broad thumb (HP:0011304)-Tapered finger (HP:0001182), 		
51	ADORA2A_AR	ADORA2A	135	AR	0.2139	0.0266	0.5025	0.4864	0.0000	0.2992	0.0000	0.5025	0.5025	1.0000	0		Craniosynostosis (HP:0001363)-abnormal sclera morphology (MP:0002698), 		Proximity to PTH1R associated with Eiken syndrome (OMIM:600002): Brachydactyly (HP:0001156)-Type A1 brachydactyly (HP:0009371), Craniosynostosis (HP:0001363)-Thickened calvaria (HP:0002684), Broad hallux (HP:0010055)-Long hallux (HP:0001847), Broad thumb (HP:0011304)-Broad metatarsal (HP:0001783), 	Proximity to PTH1R Brachydactyly (HP:0001156)-abnormal long bone epiphyseal plate proliferative zone (MP:0003662), Craniosynostosis (HP:0001363)-domed cranium (MP:0000440), Broad hallux (HP:0010055)-abnormal long bone epiphyseal plate proliferative zone (MP:0003662), Broad thumb (HP:0011304)-abnormal long bone epiphyseal plate proliferative zone (MP:0003662), 	
52	TBC1D4_AR	TBC1D4	9882	AR	0.2144	0.0263	0.5059	0.4810	0.0000	0.2782	0.0000	0.5059	0.5059	1.0000	0		Craniosynostosis (HP:0001363)-abnormal lens morphology (MP:0001303), 		Proximity to WNK1 associated with Hereditary sensory and autonomic neuropathy type 2 (ORPHA:970): Brachydactyly (HP:0001156)-Tapered finger (HP:0001182), Craniosynostosis (HP:0001363)-Wormian bones (HP:0002645), Broad hallux (HP:0010055)-Dystrophic toenail (HP:0001810), Broad thumb (HP:0011304)-Tapered finger (HP:0001182), 		
53	THRB_AR	THRB	7068	AR	0.2153	0.0256	0.9281	0.0000	0.2074	0.9281	0.0000	0.5099	0.9281	1.0000	0	Thyroid hormone resistance, autosomal recessive (OMIM:274300): Broad thumb (HP:0011304)-Epiphyseal stippling (HP:0010655), 	Brachydactyly (HP:0001156)-abnormal epiphyseal plate morphology (MP:0006395), Craniosynostosis (HP:0001363)-premature cranial suture closure (MP:0000081), Broad hallux (HP:0010055)-short femur (MP:0003109), Broad thumb (HP:0011304)-abnormal epiphyseal plate morphology (MP:0006395), 		Proximity to TRIP13 associated with Mosaic variegated aneuploidy syndrome (ORPHA:1052): Brachydactyly (HP:0001156)-Clinodactyly of the 5th finger (HP:0004209), Craniosynostosis (HP:0001363)-Frontal bossing (HP:0002007), Broad hallux (HP:0010055)-Clinodactyly of the 5th finger (HP:0004209), Broad thumb (HP:0011304)-Clinodactyly of the 5th finger (HP:0004209), 	Proximity to TRIP13 Brachydactyly (HP:0001156)-abnormal digit morphology (MP:0002110), Craniosynostosis (HP:0001363)-decreased bone mineral density (MP:0000063), Broad hallux (HP:0010055)-abnormal digit morphology (MP:0002110), Broad thumb (HP:0011304)-abnormal digit morphology (MP:0002110), 	
54	KRT10_AR	KRT10	3858	AR	0.2175	0.0244	0.5481	0.4250	0.4626	0.5481	0.0000	0.5079	0.5481	1.0000	0	Ichthyosis with confetti (OMIM:609165): Brachydactyly (HP:0001156)-Clubbing (HP:0001217), Broad hallux (HP:0010055)-Clubbing (HP:0001217), Broad thumb (HP:0011304)-Clubbing (HP:0001217), 	Brachydactyly (HP:0001156)-abnormal autopod morphology (MP:0000572), Broad hallux (HP:0010055)-abnormal autopod morphology (MP:0000572), Broad thumb (HP:0011304)-abnormal autopod morphology (MP:0000572), 		Proximity to NSD1 associated with Weaver syndrome (ORPHA:3447): Brachydactyly (HP:0001156)-Finger syndactyly (HP:0006101), Broad hallux (HP:0010055)-Sandal gap (HP:0001852), Broad thumb (HP:0011304)-Broad thumb (HP:0011304), 		
54	BCAS3_AR	BCAS3	54828	AR	0.2179	0.0244	0.8684	0.0623	0.8684	0.0000	0.0000	0.5025	0.8684	1.0000	0	Non-specific syndromic intellectual disability (ORPHA:528084): Brachydactyly (HP:0001156)-Short hallux (HP:0010109), Broad hallux (HP:0010055)-Broad hallux (HP:0010055), Broad thumb (HP:0011304)-Broad thumb (HP:0011304), 			Proximity to TBX4 associated with 17q23.1q23.2 microdeletion syndrome (ORPHA:261279): Brachydactyly (HP:0001156)-Long toe (HP:0010511), Craniosynostosis (HP:0001363)-Frontal bossing (HP:0002007), Broad hallux (HP:0010055)-Long toe (HP:0010511), Broad thumb (HP:0011304)-Long fingers (HP:0100807), 	Proximity to TBX4 Brachydactyly (HP:0001156)-brachydactyly (MP:0002544), Craniosynostosis (HP:0001363)-abnormal patella morphology (MP:0005353), Broad hallux (HP:0010055)-brachydactyly (MP:0002544), Broad thumb (HP:0011304)-brachydactyly (MP:0002544), 	
56	CDC7_AR	CDC7	8317	AR	0.2179	0.0243	0.5047	0.4736	0.0000	0.0000	0.0000	0.5047	0.5047	1.0000	0				Proximity to ESCO2 associated with Roberts syndrome (ORPHA:3103): Brachydactyly (HP:0001156)-Brachydactyly (HP:0001156), Craniosynostosis (HP:0001363)-Craniosynostosis (HP:0001363), Broad hallux (HP:0010055)-Sandal gap (HP:0001852), Broad thumb (HP:0011304)-Complete duplication of thumb phalanx (HP:0009943), 		Proximity to ESCO2 Craniosynostosis (HP:0001363)-head flat, abnormal (ZP:0000399), 
57	MECOM_AD	MECOM	2122	AD	0.2187	0.0239	0.9213	0.0000	0.4483	0.9213	0.3117	0.5337	0.9213	1.0000	0	Radioulnar synostosis with amegakaryocytic thrombocytopenia 2 (OMIM:616738): Brachydactyly (HP:0001156)-Overlapping fingers (HP:0010557), Broad hallux (HP:0010055)-Overlapping fingers (HP:0010557), Broad thumb (HP:0011304)-Short middle phalanx of the 4th finger (HP:0009295), 	Brachydactyly (HP:0001156)-brachydactyly (MP:0002544), Broad hallux (HP:0010055)-polydactyly (MP:0000562), Broad thumb (HP:0011304)-polydactyly (MP:0000562), 	Craniosynostosis (HP:0001363)-neurocranial trabecula shortened, abnormal (ZP:0000812), 	Proximity to SETBP1 associated with Schinzel-Giedion syndrome (ORPHA:798): Brachydactyly (HP:0001156)-Overlapping fingers (HP:0010557), Craniosynostosis (HP:0001363)-Wormian bones (HP:0002645), Broad hallux (HP:0010055)-Overlapping toe (HP:0001845), Broad thumb (HP:0011304)-Short 1st metacarpal (HP:0010034), 		
58	MEAK7_AR	MEAK7	57707	AR	0.2189	0.0238	0.5936	0.3707	0.0000	0.0000	0.0000	0.5936	0.5936	1.0000	0				Proximity to KIAA0753 associated with ?Orofaciodigital syndrome XV (OMIM:617127): Brachydactyly (HP:0001156)-Postaxial polydactyly (HP:0100259), Broad hallux (HP:0010055)-Broad hallux (HP:0010055), Broad thumb (HP:0011304)-Postaxial polydactyly (HP:0100259), 		
59	CLPB_AR	CLPB	81570	AR	0.2210	0.0228	0.5073	0.4635	0.0000	0.0000	0.0000	0.5073	0.5073	1.0000	0					Proximity to DNAJB12 Brachydactyly (HP:0001156)-abnormal digit morphology (MP:0002110), Broad hallux (HP:0010055)-abnormal digit morphology (MP:0002110), Broad thumb (HP:0011304)-abnormal digit morphology (MP:0002110), 	
60	ITGAL_AR	ITGAL	3683	AR	0.2215	0.0224	0.5037	0.4655	0.0000	0.0000	0.0000	0.5037	0.5037	1.0000	0				Proximity to PRKD1 associated with Congenital heart defects and ectodermal dysplasia (OMIM:617364): Brachydactyly (HP:0001156)-Syndactyly (HP:0001159), Broad hallux (HP:0010055)-Syndactyly (HP:0001159), Broad thumb (HP:0011304)-Broad thumb (HP:0011304), 		
61	TIAM2_AR	TIAM2	26230	AR	0.2230	0.0217	0.5044	0.4612	0.0000	0.0000	0.0000	0.5044	0.5044	1.0000	0				Proximity to SMO associated with Curry-Jones syndrome (ORPHA:1553): Brachydactyly (HP:0001156)-Toe syndactyly (HP:0001770), Craniosynostosis (HP:0001363)-Craniosynostosis (HP:0001363), Broad hallux (HP:0010055)-Toe syndactyly (HP:0001770), Broad thumb (HP:0011304)-Broad thumb (HP:0011304), 	Proximity to SMO Brachydactyly (HP:0001156)-broad limb buds (MP:0004574), Broad hallux (HP:0010055)-broad limb buds (MP:0004574), Broad thumb (HP:0011304)-broad limb buds (MP:0004574), 	Proximity to SMO Broad thumb (HP:0011304)-cleithrum hypoplastic, abnormal (ZP:0011078), 
62	GDF5_AR	GDF5	8200	AR	0.2233	0.0216	0.9116	0.0000	0.8149	0.9116	0.0000	0.5051	0.9116	1.0000	0	Brachydactyly, type A2 (OMIM:112600): Brachydactyly (HP:0001156)-Short 2nd finger (HP:0009536), Broad hallux (HP:0010055)-Broad hallux (HP:0010055), Broad thumb (HP:0011304)-Triangular shaped middle phalanx of the 5th finger (HP:0009182), 	Brachydactyly (HP:0001156)-brachydactyly (MP:0002544), Broad hallux (HP:0010055)-brachydactyly (MP:0002544), Broad thumb (HP:0011304)-brachydactyly (MP:0002544), 		Proximity to FBN1 associated with Weill-Marchesani syndrome 2, dominant (OMIM:608328): Brachydactyly (HP:0001156)-Brachydactyly (HP:0001156), Craniosynostosis (HP:0001363)-Broad skull (HP:0002682), Broad hallux (HP:0010055)-Brachydactyly (HP:0001156), Broad thumb (HP:0011304)-Broad phalanges of the hand (HP:0009768), 	Proximity to FBN1 Brachydactyly (HP:0001156)-short metacarpal bones (MP:0004634), Broad hallux (HP:0010055)-short metacarpal bones (MP:0004634), Broad thumb (HP:0011304)-brachyphalangia (MP:0002543), 	
63	MAML3_AR	MAML3	55534	AR	0.2256	0.0206	0.5023	0.4577	0.0000	0.0000	0.0000	0.5023	0.5023	1.0000	0				Proximity to RBPJ associated with Adams-Oliver syndrome (ORPHA:974): Brachydactyly (HP:0001156)-Brachydactyly (HP:0001156), Craniosynostosis (HP:0001363)-Calvarial skull defect (HP:0001362), Broad hallux (HP:0010055)-Absent toe (HP:0010760), Broad thumb (HP:0011304)-Short distal phalanx of finger (HP:0009882), 	Proximity to RBPJ Craniosynostosis (HP:0001363)-decreased bone mineral density (MP:0000063), 	
64	AGRN_AR	AGRN	375790	AR	0.2259	0.0205	0.5978	0.3495	0.2721	0.5978	0.0000	0.5541	0.5978	1.0000	0	Presynaptic congenital myasthenic syndromes (ORPHA:98914): Broad hallux (HP:0010055)-Pes cavus (HP:0001761), 	Brachydactyly (HP:0001156)-camptodactyly (MP:0003807), Craniosynostosis (HP:0001363)-camptodactyly (MP:0003807), Broad hallux (HP:0010055)-camptodactyly (MP:0003807), Broad thumb (HP:0011304)-camptodactyly (MP:0003807), 		Proximity to LRP4 associated with Cenani-Lenz syndrome (ORPHA:3258): Brachydactyly (HP:0001156)-Short thumb (HP:0009778), Craniosynostosis (HP:0001363)-Frontal bossing (HP:0002007), Broad hallux (HP:0010055)-Toe syndactyly (HP:0001770), Broad thumb (HP:0011304)-Short thumb (HP:0009778), 	Proximity to LRP4 Brachydactyly (HP:0001156)-brachydactyly (MP:0002544), Craniosynostosis (HP:0001363)-fused phalanges (MP:0008730), Broad hallux (HP:0010055)-abnormal digit morphology (MP:0002110), Broad thumb (HP:0011304)-fused phalanges (MP:0008730), 	
65	DCLRE1B_AR	DCLRE1B	64858	AR	0.2261	0.0202	0.5079	0.4493	0.0000	0.0000	0.0000	0.5079	0.5079	1.0000	0				Proximity to SLX4 associated with Fanconi anemia (ORPHA:84): Brachydactyly (HP:0001156)-Toe syndactyly (HP:0001770), Craniosynostosis (HP:0001363)-Dolichocephaly (HP:0000268), Broad hallux (HP:0010055)-Toe syndactyly (HP:0001770), Broad thumb (HP:0011304)-Triphalangeal thumb (HP:0001199), 	Proximity to SLX4 Brachydactyly (HP:0001156)-increased caudal vertebrae number (MP:0010102), Craniosynostosis (HP:0001363)-domed cranium (MP:0000440), Broad hallux (HP:0010055)-increased caudal vertebrae number (MP:0010102), Broad thumb (HP:0011304)-increased caudal vertebrae number (MP:0010102), 	
66	DLGAP1_AR	DLGAP1	9229	AR	0.2267	0.0201	0.5017	0.4557	0.0000	0.3055	0.0000	0.5017	0.5017	1.0000	0		Craniosynostosis (HP:0001363)-abnormal eye morphology (MP:0002092), 		Proximity to DLG4 associated with Non-specific syndromic intellectual disability (ORPHA:528084): Brachydactyly (HP:0001156)-Short hallux (HP:0010109), Broad hallux (HP:0010055)-Broad hallux (HP:0010055), Broad thumb (HP:0011304)-Broad thumb (HP:0011304), 	Proximity to DLG4 Craniosynostosis (HP:0001363)-increased bone mineral content (MP:0010123), 	
66	ADAMTS17_AR	ADAMTS17	170691	AR	0.2264	0.0201	0.9042	0.0000	0.6601	0.9042	0.0000	0.0000	0.9042	1.0000	0	Weill-Marchesani 4 syndrome, recessive (OMIM:613195): Brachydactyly (HP:0001156)-Brachydactyly (HP:0001156), Broad hallux (HP:0010055)-Brachydactyly (HP:0001156), Broad thumb (HP:0011304)-Brachydactyly (HP:0001156), 	Brachydactyly (HP:0001156)-brachydactyly (MP:0002544), Craniosynostosis (HP:0001363)-decreased cranium height (MP:0008525), Broad hallux (HP:0010055)-brachydactyly (MP:0002544), Broad thumb (HP:0011304)-brachyphalangia (MP:0002543), 				
68	SUMF1_AR	SUMF1	285362	AR	0.2272	0.0197	0.9027	0.0000	0.9027	0.5640	0.0000	0.0000	0.9027	1.0000	0	Multiple sulfatase deficiency (OMIM:272200): Brachydactyly (HP:0001156)-Broad hallux (HP:0010055), Broad hallux (HP:0010055)-Broad hallux (HP:0010055), Broad thumb (HP:0011304)-Broad thumb (HP:0011304), 	Brachydactyly (HP:0001156)-abnormal long bone metaphysis morphology (MP:0000133), Craniosynostosis (HP:0001363)-abnormal joint morphology (MP:0002932), Broad hallux (HP:0010055)-abnormal long bone metaphysis morphology (MP:0000133), Broad thumb (HP:0011304)-abnormal long bone metaphysis morphology (MP:0000133), 				
69	PHF11_AR	PHF11	51131	AR	0.2292	0.0189	0.5014	0.4493	0.0000	0.0000	0.0000	0.5014	0.5014	1.0000	0				Proximity to SMARCA2 associated with Nicolaides-Baraitser syndrome (ORPHA:3051): Brachydactyly (HP:0001156)-Brachydactyly (HP:0001156), Broad hallux (HP:0010055)-Clubbing of toes (HP:0100760), Broad thumb (HP:0011304)-Broad distal phalanx of finger (HP:0009836), 		
70	ADAMTSL3_AR	ADAMTSL3	57188	AR	0.2307	0.0183	0.5560	0.3841	0.0000	0.5560	0.0000	0.0000	0.5560	1.0000	0		Brachydactyly (HP:0001156)-abnormal sternum morphology (MP:0000157), Broad hallux (HP:0010055)-abnormal sternum morphology (MP:0000157), Broad thumb (HP:0011304)-abnormal sternum morphology (MP:0000157), 				
70	SPRY4_AD	SPRY4	81848	AD	0.2310	0.0183	0.8951	0.0000	0.2930	0.8951	0.0000	0.5016	0.8951	1.0000	0	Kallmann syndrome (ORPHA:478): Broad hallux (HP:0010055)-Pes cavus (HP:0001761), 	Brachydactyly (HP:0001156)-brachydactyly (MP:0002544), Craniosynostosis (HP:0001363)-abnormal cornea morphology (MP:0001312), Broad hallux (HP:0010055)-abnormal digit morphology (MP:0002110), Broad thumb (HP:0011304)-abnormal digit morphology (MP:0002110), 		Proximity to FGF8 associated with Kallmann syndrome (ORPHA:478): Broad hallux (HP:0010055)-Pes cavus (HP:0001761), 	Proximity to FGF8 Brachydactyly (HP:0001156)-syndactyly (MP:0000564), Broad hallux (HP:0010055)-syndactyly (MP:0000564), Broad thumb (HP:0011304)-syndactyly (MP:0000564), 	
72	DSC2_AR	DSC2	1824	AR	0.2331	0.0173	0.5132	0.4265	0.1739	0.3218	0.0000	0.5132	0.5132	1.0000	0	Arrhythmogenic right ventricular dysplasia 11 with mild palmoplantar keratoderma and woolly hair (OMIM:610476): Broad hallux (HP:0010055)-Palmoplantar keratoderma (HP:0000982), Broad thumb (HP:0011304)-Palmoplantar keratoderma (HP:0000982), 	Craniosynostosis (HP:0001363)-abnormal cornea morphology (MP:0001312), 		Proximity to FOXN1 associated with T-cell immunodeficiency, congenital alopecia, and nail dystrophy (OMIM:601705): Brachydactyly (HP:0001156)-Nail dystrophy (HP:0008404), Broad hallux (HP:0010055)-Nail dystrophy (HP:0008404), Broad thumb (HP:0011304)-Nail dystrophy (HP:0008404), 	Proximity to FOXN1 Brachydactyly (HP:0001156)-abnormal nail morphology (MP:0000579), Broad hallux (HP:0010055)-abnormal nail morphology (MP:0000579), Broad thumb (HP:0011304)-abnormal nail morphology (MP:0000579), 	
73	MCPH1_AR	MCPH1	79648	AR	0.2358	0.0164	0.5021	0.4326	0.0000	0.3618	0.0000	0.5021	0.5021	1.0000	0		Craniosynostosis (HP:0001363)-abnormal lens morphology (MP:0001303), 		Proximity to BRCA2 associated with Fanconi anemia (ORPHA:84): Brachydactyly (HP:0001156)-Toe syndactyly (HP:0001770), Craniosynostosis (HP:0001363)-Dolichocephaly (HP:0000268), Broad hallux (HP:0010055)-Toe syndactyly (HP:0001770), Broad thumb (HP:0011304)-Triphalangeal thumb (HP:0001199), 	Proximity to BRCA2 Brachydactyly (HP:0001156)-abnormal sternum morphology (MP:0000157), Broad hallux (HP:0010055)-abnormal sternum morphology (MP:0000157), Broad thumb (HP:0011304)-abnormal sternum morphology (MP:0000157), 	
74	DUOX2_AR	DUOX2	50506	AR	0.2361	0.0163	0.5115	0.4213	0.5096	0.5115	0.0000	0.5003	0.5115	1.0000	0	Familial thyroid dyshormonogenesis (ORPHA:95716): Brachydactyly (HP:0001156)-Delayed proximal femoral epiphyseal ossification (HP:0008828), Craniosynostosis (HP:0001363)-Delayed cranial suture closure (HP:0000270), Broad hallux (HP:0010055)-Delayed proximal femoral epiphyseal ossification (HP:0008828), Broad thumb (HP:0011304)-Delayed proximal femoral epiphyseal ossification (HP:0008828), 	Brachydactyly (HP:0001156)-small pubis (MP:0004692), Broad hallux (HP:0010055)-small pubis (MP:0004692), Broad thumb (HP:0011304)-short femur (MP:0003109), 		Proximity to SLC39A8 associated with SLC39A8-CDG (ORPHA:468699): Brachydactyly (HP:0001156)-Cutaneous syndactyly of toes (HP:0010621), Craniosynostosis (HP:0001363)-Craniosynostosis (HP:0001363), Broad hallux (HP:0010055)-Cutaneous syndactyly of toes (HP:0010621), Broad thumb (HP:0011304)-Cutaneous syndactyly of toes (HP:0010621), 	Proximity to SLC39A8 Craniosynostosis (HP:0001363)-abnormal retina morphology (MP:0001325), 	Proximity to SLC39A8 Craniosynostosis (HP:0001363)-caudal vertebra fused with caudal vertebra, abnormal (ZP:0130867), 
75	PYCR2_AR	PYCR2	29920	AR	0.2388	0.0159	0.8813	0.0000	0.8813	0.3065	0.0000	0.5000	0.8813	1.0000	0	PYCR2-related microcephaly-progressive leukoencephalopathy (ORPHA:481152): Brachydactyly (HP:0001156)-Broad hallux (HP:0010055), Broad hallux (HP:0010055)-Broad hallux (HP:0010055), Broad thumb (HP:0011304)-Broad thumb (HP:0011304), 	Craniosynostosis (HP:0001363)-decreased bone mineral density (MP:0000063), 		Proximity to MN1 associated with CEBALID syndrome (OMIM:618774): Craniosynostosis (HP:0001363)-Turricephaly (HP:0000262), 	Proximity to MN1 Craniosynostosis (HP:0001363)-abnormal cranial suture morphology (MP:0002835), 	
76	CISH_AR	CISH	1154	AR	0.2406	0.0156	0.5017	0.4277	0.0000	0.0000	0.0000	0.5017	0.5017	1.0000	0				Proximity to GHR associated with Laron syndrome (ORPHA:633): Brachydactyly (HP:0001156)-Brachydactyly (HP:0001156), Broad hallux (HP:0010055)-Short toe (HP:0001831), Broad thumb (HP:0011304)-Brachydactyly (HP:0001156), 	Proximity to GHR Brachydactyly (HP:0001156)-abnormal long bone hypertrophic chondrocyte zone (MP:0000165), Craniosynostosis (HP:0001363)-delayed endochondral bone ossification (MP:0003419), Broad hallux (HP:0010055)-abnormal long bone hypertrophic chondrocyte zone (MP:0000165), Broad thumb (HP:0011304)-abnormal long bone hypertrophic chondrocyte zone (MP:0000165), 	
77	INSC_AR	INSC	387755	AR	0.2446	0.0150	0.5019	0.4235	0.0000	0.2327	0.0000	0.5019	0.5019	1.0000	0		Craniosynostosis (HP:0001363)-abnormal cochlear hair cell morphology (MP:0002622), 		Proximity to SLC25A24 associated with Gorlin-Chaudhry-Moss syndrome (ORPHA:2095): Brachydactyly (HP:0001156)-Short distal phalanx of finger (HP:0009882), Craniosynostosis (HP:0001363)-Coronal craniosynostosis (HP:0004440), Broad hallux (HP:0010055)-Short distal phalanx of finger (HP:0009882), Broad thumb (HP:0011304)-Short distal phalanx of finger (HP:0009882), 	Proximity to SLC25A24 Craniosynostosis (HP:0001363)-abnormal retina vasculature morphology (MP:0002792), 	
78	SLC12A3_AR	SLC12A3	6559	AR	0.2460	0.0148	0.5094	0.4135	0.0000	0.0000	0.0000	0.5094	0.5094	1.0000	0				Proximity to ANKH associated with Craniometaphyseal dysplasia (OMIM:123000): Brachydactyly (HP:0001156)-Erlenmeyer flask deformity of the femurs (HP:0004975), Broad hallux (HP:0010055)-Erlenmeyer flask deformity of the femurs (HP:0004975), Broad thumb (HP:0011304)-Erlenmeyer flask deformity of the femurs (HP:0004975), 	Proximity to ANKH Brachydactyly (HP:0001156)-abnormal digit morphology (MP:0002110), Craniosynostosis (HP:0001363)-abnormal joint morphology (MP:0002932), Broad hallux (HP:0010055)-abnormal digit morphology (MP:0002110), Broad thumb (HP:0011304)-abnormal digit morphology (MP:0002110), 	
79	HGSNAT_AR	HGSNAT	138050	AR	0.2498	0.0144	0.5012	0.4194	0.3969	0.4328	0.0000	0.5012	0.5012	1.0000	0	Mucopolysaccharidosis type IIIC (Sanfilippo C) (OMIM:252930): Craniosynostosis (HP:0001363)-Dolichocephaly (HP:0000268), 	Brachydactyly (HP:0001156)-short tibia (MP:0002764), Craniosynostosis (HP:0001363)-increased bone mineral content (MP:0010123), Broad hallux (HP:0010055)-short tibia (MP:0002764), Broad thumb (HP:0011304)-short tibia (MP:0002764), 		Proximity to IDUA associated with Hurler syndrome (ORPHA:93473): Brachydactyly (HP:0001156)-Camptodactyly of finger (HP:0100490), Craniosynostosis (HP:0001363)-Dolichocephaly (HP:0000268), Broad hallux (HP:0010055)-Camptodactyly of finger (HP:0100490), Broad thumb (HP:0011304)-Camptodactyly of finger (HP:0100490), 	Proximity to IDUA Brachydactyly (HP:0001156)-abnormal digit morphology (MP:0002110), Craniosynostosis (HP:0001363)-increased cranium width (MP:0000441), Broad hallux (HP:0010055)-abnormal digit morphology (MP:0002110), Broad thumb (HP:0011304)-abnormal digit morphology (MP:0002110), 	
80	C2CD3_AR	C2CD3	26005	AR	0.2512	0.0142	0.8702	0.0000	0.8702	0.7373	0.0000	0.0000	0.8702	1.0000	0	Orofaciodigital syndrome type 14 (ORPHA:434179): Brachydactyly (HP:0001156)-Deviation of the hallux (HP:0010051), Craniosynostosis (HP:0001363)-Trigonocephaly (HP:0000243), Broad hallux (HP:0010055)-Broad hallux (HP:0010055), Broad thumb (HP:0011304)-Postaxial hand polydactyly (HP:0001162), 	Brachydactyly (HP:0001156)-polydactyly (MP:0000562), Broad hallux (HP:0010055)-polydactyly (MP:0000562), Broad thumb (HP:0011304)-polydactyly (MP:0000562), 				
81	ANKRD17_AR	ANKRD17	26057	AR	0.2533	0.0139	0.8684	0.0000	0.8684	0.0000	0.0000	0.5048	0.8684	1.0000	0	Non-specific syndromic intellectual disability (ORPHA:528084): Brachydactyly (HP:0001156)-Short hallux (HP:0010109), Broad hallux (HP:0010055)-Broad hallux (HP:0010055), Broad thumb (HP:0011304)-Broad thumb (HP:0011304), 			Proximity to IFIH1 associated with Singleton-Merten syndrome 1 (OMIM:182250): Brachydactyly (HP:0001156)-Expanded phalanges with widened medullary cavities (HP:0006112), Broad hallux (HP:0010055)-Expanded metatarsals with widened medullary cavities (HP:0008102), Broad thumb (HP:0011304)-Expanded phalanges with widened medullary cavities (HP:0006112), 		
81	CLCN3_AR	CLCN3	1182	AR	0.2531	0.0139	0.8684	0.0000	0.8684	0.3490	0.0000	0.5002	0.8684	1.0000	0	Non-specific syndromic intellectual disability (ORPHA:528084): Brachydactyly (HP:0001156)-Short hallux (HP:0010109), Broad hallux (HP:0010055)-Broad hallux (HP:0010055), Broad thumb (HP:0011304)-Broad thumb (HP:0011304), 	Craniosynostosis (HP:0001363)-abnormal eye morphology (MP:0002092), 			Proximity to CRIM1 Brachydactyly (HP:0001156)-syndactyly (MP:0000564), Craniosynostosis (HP:0001363)-microphthalmia (MP:0001297), Broad hallux (HP:0010055)-syndactyly (MP:0000564), Broad thumb (HP:0011304)-syndactyly (MP:0000564), 	
81	CNOT3_AR	CNOT3	4849	AR	0.2532	0.0139	0.8684	0.0000	0.8684	0.3723	0.0000	0.0000	0.8684	1.0000	0	Non-specific syndromic intellectual disability (ORPHA:528084): Brachydactyly (HP:0001156)-Short hallux (HP:0010109), Broad hallux (HP:0010055)-Broad hallux (HP:0010055), Broad thumb (HP:0011304)-Broad thumb (HP:0011304), 	Craniosynostosis (HP:0001363)-abnormal bone mineralization (MP:0002896), 				
81	DOCK3_AR	DOCK3	1795	AR	0.2536	0.0139	0.8684	0.0000	0.8684	0.0000	0.0000	0.5048	0.8684	1.0000	0	Non-specific syndromic intellectual disability (ORPHA:528084): Brachydactyly (HP:0001156)-Short hallux (HP:0010109), Broad hallux (HP:0010055)-Broad hallux (HP:0010055), Broad thumb (HP:0011304)-Broad thumb (HP:0011304), 			Proximity to WASF1 associated with Non-specific syndromic intellectual disability (ORPHA:528084): Brachydactyly (HP:0001156)-Short hallux (HP:0010109), Broad hallux (HP:0010055)-Broad hallux (HP:0010055), Broad thumb (HP:0011304)-Broad thumb (HP:0011304), 		
81	DPYSL5_AR	DPYSL5	56896	AR	0.2534	0.0139	0.8684	0.0000	0.8684	0.0000	0.0000	0.5029	0.8684	1.0000	0	Non-specific syndromic intellectual disability (ORPHA:528084): Brachydactyly (HP:0001156)-Short hallux (HP:0010109), Broad hallux (HP:0010055)-Broad hallux (HP:0010055), Broad thumb (HP:0011304)-Broad thumb (HP:0011304), 				Proximity to PFAS Brachydactyly (HP:0001156)-non-pigmented tail tip (MP:0005175), Craniosynostosis (HP:0001363)-premature cranial synchondrosis closure (MP:0030444), Broad hallux (HP:0010055)-non-pigmented tail tip (MP:0005175), Broad thumb (HP:0011304)-non-pigmented tail tip (MP:0005175), 	
81	FBXW11_AD	FBXW11	23291	AD	0.2533	0.0139	0.8684	0.0000	0.8684	0.0000	0.0000	0.5129	0.8684	1.0000	0	Non-specific syndromic intellectual disability (ORPHA:528084): Brachydactyly (HP:0001156)-Short hallux (HP:0010109), Broad hallux (HP:0010055)-Broad hallux (HP:0010055), Broad thumb (HP:0011304)-Broad thumb (HP:0011304), 			Proximity to AMER1 associated with Osteopathia striata with cranial sclerosis (OMIM:300373): Brachydactyly (HP:0001156)-Arachnodactyly (HP:0001166), Craniosynostosis (HP:0001363)-Delayed closure of the anterior fontanelle (HP:0001476), Broad hallux (HP:0010055)-Flexion contracture of toe (HP:0005830), Broad thumb (HP:0011304)-Arachnodactyly (HP:0001166), 	Proximity to AMER1 Brachydactyly (HP:0001156)-abnormal sternum morphology (MP:0000157), Craniosynostosis (HP:0001363)-abnormal cranial suture morphology (MP:0002835), Broad hallux (HP:0010055)-abnormal sternum morphology (MP:0000157), Broad thumb (HP:0011304)-abnormal ulna morphology (MP:0005108), 	
81	GRIA4_AD	GRIA4	2893	AD	0.2535	0.0139	0.8684	0.0000	0.8684	0.0000	0.0000	0.5061	0.8684	1.0000	0	Non-specific syndromic intellectual disability (ORPHA:528084): Brachydactyly (HP:0001156)-Short hallux (HP:0010109), Broad hallux (HP:0010055)-Broad hallux (HP:0010055), Broad thumb (HP:0011304)-Broad thumb (HP:0011304), 			Proximity to EPB41L1 associated with ?Intellectual developmental disorder, autosomal dominant 11 (OMIM:614257): Brachydactyly (HP:0001156)-Brachydactyly (HP:0001156), Craniosynostosis (HP:0001363)-Frontal bossing (HP:0002007), Broad hallux (HP:0010055)-Brachydactyly (HP:0001156), Broad thumb (HP:0011304)-Adducted thumb (HP:0001181), 	Proximity to EPB41L1 Craniosynostosis (HP:0001363)-abnormal eyelid morphology (MP:0001340), 	
81	GRIA4_AR	GRIA4	2893	AR	0.2537	0.0139	0.8684	0.0000	0.8684	0.0000	0.0000	0.5061	0.8684	1.0000	0	Non-specific syndromic intellectual disability (ORPHA:528084): Brachydactyly (HP:0001156)-Short hallux (HP:0010109), Broad hallux (HP:0010055)-Broad hallux (HP:0010055), Broad thumb (HP:0011304)-Broad thumb (HP:0011304), 			Proximity to EPB41L1 associated with ?Intellectual developmental disorder, autosomal dominant 11 (OMIM:614257): Brachydactyly (HP:0001156)-Brachydactyly (HP:0001156), Craniosynostosis (HP:0001363)-Frontal bossing (HP:0002007), Broad hallux (HP:0010055)-Brachydactyly (HP:0001156), Broad thumb (HP:0011304)-Adducted thumb (HP:0001181), 	Proximity to EPB41L1 Craniosynostosis (HP:0001363)-abnormal eyelid morphology (MP:0001340), 	
81	HS2ST1_AR	HS2ST1	9653	AR	0.2534	0.0139	0.8684	0.0000	0.8684	0.6980	0.0000	0.5091	0.8684	1.0000	0	Non-specific syndromic intellectual disability (ORPHA:528084): Brachydactyly (HP:0001156)-Short hallux (HP:0010109), Broad hallux (HP:0010055)-Broad hallux (HP:0010055), Broad thumb (HP:0011304)-Broad thumb (HP:0011304), 	Brachydactyly (HP:0001156)-polydactyly (MP:0000562), Craniosynostosis (HP:0001363)-abnormal bone mineralization (MP:0002896), Broad hallux (HP:0010055)-polydactyly (MP:0000562), Broad thumb (HP:0011304)-polydactyly (MP:0000562), 		Proximity to HS6ST1 associated with Hypogonadotropic hypogonadism 15 with or without anosmia (OMIM:614880): Brachydactyly (HP:0001156)-Genu valgum (HP:0002857), Broad hallux (HP:0010055)-Genu valgum (HP:0002857), Broad thumb (HP:0011304)-Genu valgum (HP:0002857), 	Proximity to HS6ST1 Brachydactyly (HP:0001156)-abnormal phalanx morphology (MP:0005306), Craniosynostosis (HP:0001363)-abnormal eye morphology (MP:0002092), Broad hallux (HP:0010055)-abnormal tarsal bone morphology (MP:0005104), Broad thumb (HP:0011304)-abnormal phalanx morphology (MP:0005306), 	
81	HTT_AR	HTT	3064	AR	0.2534	0.0139	0.8684	0.0000	0.8684	0.4733	0.0000	0.5066	0.8684	1.0000	0	Non-specific syndromic intellectual disability (ORPHA:528084): Brachydactyly (HP:0001156)-Short hallux (HP:0010109), Broad hallux (HP:0010055)-Broad hallux (HP:0010055), Broad thumb (HP:0011304)-Broad thumb (HP:0011304), 	Craniosynostosis (HP:0001363)-domed cranium (MP:0000440), 		Proximity to CBS associated with Thrombosis, hyperhomocysteinemic (OMIM:236200): Brachydactyly (HP:0001156)-Arachnodactyly (HP:0001166), Broad hallux (HP:0010055)-Arachnodactyly (HP:0001166), Broad thumb (HP:0011304)-Arachnodactyly (HP:0001166), 	Proximity to CBS Brachydactyly (HP:0001156)-arachnodactyly (MP:0006296), Craniosynostosis (HP:0001363)-delayed endochondral bone ossification (MP:0003419), Broad hallux (HP:0010055)-arachnodactyly (MP:0006296), Broad thumb (HP:0011304)-arachnodactyly (MP:0006296), 	
81	JARID2_AR	JARID2	3720	AR	0.2537	0.0139	0.8684	0.0000	0.8684	0.5560	0.0000	0.5029	0.8684	1.0000	0	Non-specific syndromic intellectual disability (ORPHA:528084): Brachydactyly (HP:0001156)-Short hallux (HP:0010109), Broad hallux (HP:0010055)-Broad hallux (HP:0010055), Broad thumb (HP:0011304)-Broad thumb (HP:0011304), 	Brachydactyly (HP:0001156)-abnormal sternum morphology (MP:0000157), Broad hallux (HP:0010055)-abnormal sternum morphology (MP:0000157), Broad thumb (HP:0011304)-abnormal sternum morphology (MP:0000157), 		Proximity to NKX2-5 associated with Conotruncal heart malformations, variable (OMIM:217095): Brachydactyly (HP:0001156)-Postaxial polydactyly (HP:0100259), Broad hallux (HP:0010055)-Broad hallux (HP:0010055), Broad thumb (HP:0011304)-Postaxial polydactyly (HP:0100259), 		Proximity to NKX2-5 Craniosynostosis (HP:0001363)-Meckel's cartilage curved ventral, abnormal (ZP:0016494), 
81	KCNMA1_AR	KCNMA1	3778	AR	0.2532	0.0139	0.8684	0.0000	0.8684	0.2494	0.0000	0.5025	0.8684	1.0000	0	Non-specific syndromic intellectual disability (ORPHA:528084): Brachydactyly (HP:0001156)-Short hallux (HP:0010109), Broad hallux (HP:0010055)-Broad hallux (HP:0010055), Broad thumb (HP:0011304)-Broad thumb (HP:0011304), 	Craniosynostosis (HP:0001363)-Deiters cell degeneration (MP:0004628), 		Proximity to PRKG2 associated with Spondylometaphyseal dysplasia, Pagnamenta type (OMIM:619638): Brachydactyly (HP:0001156)-Broad thumb (HP:0011304), Craniosynostosis (HP:0001363)-Wormian bones (HP:0002645), Broad hallux (HP:0010055)-Pes planus (HP:0001763), Broad thumb (HP:0011304)-Broad thumb (HP:0011304), 	Proximity to PRKG2 Brachydactyly (HP:0001156)-short humerus (MP:0004351), Craniosynostosis (HP:0001363)-abnormal bone ossification (MP:0008271), Broad hallux (HP:0010055)-short femur (MP:0003109), Broad thumb (HP:0011304)-short humerus (MP:0004351), 	
81	MED27_AR	MED27	9442	AR	0.2531	0.0139	0.8684	0.0000	0.8684	0.2372	0.0000	0.5029	0.8684	1.0000	0	Non-specific syndromic intellectual disability (ORPHA:528084): Brachydactyly (HP:0001156)-Short hallux (HP:0010109), Broad hallux (HP:0010055)-Broad hallux (HP:0010055), Broad thumb (HP:0011304)-Broad thumb (HP:0011304), 	Craniosynostosis (HP:0001363)-abnormal retina blood vessel morphology (MP:0010097), 		Proximity to MED13 associated with Non-specific syndromic intellectual disability (ORPHA:528084): Brachydactyly (HP:0001156)-Short hallux (HP:0010109), Broad hallux (HP:0010055)-Broad hallux (HP:0010055), Broad thumb (HP:0011304)-Broad thumb (HP:0011304), 		
81	MPP5_AD	MPP5	64398	AD	0.2532	0.0139	0.8684	0.0000	0.8684	0.0000	0.3080	0.5051	0.8684	1.0000	0	Non-specific syndromic intellectual disability (ORPHA:528084): Brachydactyly (HP:0001156)-Short hallux (HP:0010109), Broad hallux (HP:0010055)-Broad hallux (HP:0010055), Broad thumb (HP:0011304)-Broad thumb (HP:0011304), 		Craniosynostosis (HP:0001363)-head surface feature shape, abnormal (ZP:0001253), 	Proximity to JAG2 associated with Muscular dystrophy, limb-girdle, autosomal recessive 27 (OMIM:619566): Broad hallux (HP:0010055)-Achilles tendon contracture (HP:0001771), 	Proximity to JAG2 Brachydactyly (HP:0001156)-syndactyly (MP:0000564), Broad hallux (HP:0010055)-syndactyly (MP:0000564), Broad thumb (HP:0011304)-syndactyly (MP:0000564), 	
81	MPP5_AR	MPP5	64398	AR	0.2534	0.0139	0.8684	0.0000	0.8684	0.0000	0.3080	0.5051	0.8684	1.0000	0	Non-specific syndromic intellectual disability (ORPHA:528084): Brachydactyly (HP:0001156)-Short hallux (HP:0010109), Broad hallux (HP:0010055)-Broad hallux (HP:0010055), Broad thumb (HP:0011304)-Broad thumb (HP:0011304), 		Craniosynostosis (HP:0001363)-head surface feature shape, abnormal (ZP:0001253), 	Proximity to JAG2 associated with Muscular dystrophy, limb-girdle, autosomal recessive 27 (OMIM:619566): Broad hallux (HP:0010055)-Achilles tendon contracture (HP:0001771), 	Proximity to JAG2 Brachydactyly (HP:0001156)-syndactyly (MP:0000564), Broad hallux (HP:0010055)-syndactyly (MP:0000564), Broad thumb (HP:0011304)-syndactyly (MP:0000564), 	
81	MYT1L_AD	MYT1L	23040	AD	0.2534	0.0139	0.8684	0.0000	0.8684	0.7373	0.0000	0.5016	0.8684	1.0000	0	Non-specific syndromic intellectual disability (ORPHA:528084): Brachydactyly (HP:0001156)-Short hallux (HP:0010109), Broad hallux (HP:0010055)-Broad hallux (HP:0010055), Broad thumb (HP:0011304)-Broad thumb (HP:0011304), 	Brachydactyly (HP:0001156)-clinodactyly (MP:0006253), Broad hallux (HP:0010055)-clinodactyly (MP:0006253), Broad thumb (HP:0011304)-clinodactyly (MP:0006253), 		Proximity to CWF19L1 associated with Autosomal recessive cerebellar ataxia due to CWF19L1 deficiency (ORPHA:453521): Brachydactyly (HP:0001156)-Abnormality of the distal phalanx of the thumb (HP:0009617), Broad hallux (HP:0010055)-Abnormality of the distal phalanx of the thumb (HP:0009617), Broad thumb (HP:0011304)-Abnormality of the distal phalanx of the thumb (HP:0009617), 		
81	MYT1L_AR	MYT1L	23040	AR	0.2534	0.0139	0.8684	0.0000	0.8684	0.7373	0.0000	0.5016	0.8684	1.0000	0	Non-specific syndromic intellectual disability (ORPHA:528084): Brachydactyly (HP:0001156)-Short hallux (HP:0010109), Broad hallux (HP:0010055)-Broad hallux (HP:0010055), Broad thumb (HP:0011304)-Broad thumb (HP:0011304), 	Brachydactyly (HP:0001156)-clinodactyly (MP:0006253), Broad hallux (HP:0010055)-clinodactyly (MP:0006253), Broad thumb (HP:0011304)-clinodactyly (MP:0006253), 		Proximity to CWF19L1 associated with Autosomal recessive cerebellar ataxia due to CWF19L1 deficiency (ORPHA:453521): Brachydactyly (HP:0001156)-Abnormality of the distal phalanx of the thumb (HP:0009617), Broad hallux (HP:0010055)-Abnormality of the distal phalanx of the thumb (HP:0009617), Broad thumb (HP:0011304)-Abnormality of the distal phalanx of the thumb (HP:0009617), 		
81	NTNG1_AR	NTNG1	22854	AR	0.2535	0.0139	0.8684	0.0000	0.8684	0.0000	0.0000	0.5045	0.8684	1.0000	0	Non-specific syndromic intellectual disability (ORPHA:528084): Brachydactyly (HP:0001156)-Short hallux (HP:0010109), Broad hallux (HP:0010055)-Broad hallux (HP:0010055), Broad thumb (HP:0011304)-Broad thumb (HP:0011304), 			Proximity to NTNG2 associated with Non-specific syndromic intellectual disability (ORPHA:528084): Brachydactyly (HP:0001156)-Short hallux (HP:0010109), Broad hallux (HP:0010055)-Broad hallux (HP:0010055), Broad thumb (HP:0011304)-Broad thumb (HP:0011304), 		
81	PUS7_AR	PUS7	54517	AR	0.2531	0.0139	0.8684	0.0000	0.8684	0.0000	0.0000	0.5040	0.8684	1.0000	0	Non-specific syndromic intellectual disability (ORPHA:528084): Brachydactyly (HP:0001156)-Short hallux (HP:0010109), Broad hallux (HP:0010055)-Broad hallux (HP:0010055), Broad thumb (HP:0011304)-Broad thumb (HP:0011304), 			Proximity to TRMT1 associated with Non-specific syndromic intellectual disability (ORPHA:528084): Brachydactyly (HP:0001156)-Short hallux (HP:0010109), Broad hallux (HP:0010055)-Broad hallux (HP:0010055), Broad thumb (HP:0011304)-Broad thumb (HP:0011304), 	Proximity to TRMT1 Craniosynostosis (HP:0001363)-abnormal retina vasculature morphology (MP:0002792), 	
100	LRP5_AD	LRP5	4041	AD	0.3786	0.0044	0.7571	0.0000	0.6005	0.7571	0.0000	0.5055	0.7571	1.0000	0	Osteoporosis-pseudoglioma syndrome (ORPHA:2788): Brachydactyly (HP:0001156)-Abnormal femoral neck/head morphology (HP:0003366), Craniosynostosis (HP:0001363)-Wormian bones (HP:0002645), Broad hallux (HP:0010055)-Abnormal femoral neck/head morphology (HP:0003366), Broad thumb (HP:0011304)-Abnormal femoral neck/head morphology (HP:0003366), 	Brachydactyly (HP:0001156)-abnormal phalanx morphology (MP:0005306), Broad hallux (HP:0010055)-abnormal phalanx morphology (MP:0005306), Broad thumb (HP:0011304)-abnormal phalanx morphology (MP:0005306), 		Proximity to ROR2 associated with Robinow syndrome, autosomal recessive (OMIM:268310): Brachydactyly (HP:0001156)-Brachydactyly (HP:0001156), Craniosynostosis (HP:0001363)-Delayed cranial suture closure (HP:0000270), Broad hallux (HP:0010055)-Broad toe (HP:0001837), Broad thumb (HP:0011304)-Broad thumb (HP:0011304), 	Proximity to ROR2 Brachydactyly (HP:0001156)-brachydactyly (MP:0002544), Craniosynostosis (HP:0001363)-delayed endochondral bone ossification (MP:0003419), Broad hallux (HP:0010055)-brachydactyly (MP:0002544), Broad thumb (HP:0011304)-abnormal phalanx morphology (MP:0005306), 	
101	RYR2_AR	RYR2	6262	AR	0.4429	0.0024	0.2580	0.5000	0.0000	0.0000	0.0000	0.5160	0.5160	0.5000	0					Proximity to ASPH Brachydactyly (HP:0001156)-syndactyly (MP:0000564), Broad hallux (HP:0010055)-syndactyly (MP:0000564), Broad thumb (HP:0011304)-syndactyly (MP:0000564), 	
102	FAM110B_AD	FAM110B	90362	AD	0.6114	0.0005	0.5471	0.0000	0.0000	0.0000	0.0000	0.5471	0.5471	1.0000	0				Proximity to CSPP1 associated with Joubert syndrome with Jeune asphyxiating thoracic dystrophy (ORPHA:397715): Brachydactyly (HP:0001156)-Brachydactyly (HP:0001156), Craniosynostosis (HP:0001363)-Frontal bossing (HP:0002007), Broad hallux (HP:0010055)-Brachydactyly (HP:0001156), Broad thumb (HP:0011304)-Abnormal 5th metacarpal morphology (HP:0010013), 	Proximity to CSPP1 Craniosynostosis (HP:0001363)-decreased bone mineral content (MP:0010124), 	
103	TIAM2_AD	TIAM2	26230	AD	0.6567	0.0003	0.5044	0.0000	0.0000	0.0000	0.0000	0.5044	0.5044	1.0000	0				Proximity to SMO associated with Curry-Jones syndrome (ORPHA:1553): Brachydactyly (HP:0001156)-Toe syndactyly (HP:0001770), Craniosynostosis (HP:0001363)-Craniosynostosis (HP:0001363), Broad hallux (HP:0010055)-Toe syndactyly (HP:0001770), Broad thumb (HP:0011304)-Broad thumb (HP:0011304), 	Proximity to SMO Brachydactyly (HP:0001156)-broad limb buds (MP:0004574), Broad hallux (HP:0010055)-broad limb buds (MP:0004574), Broad thumb (HP:0011304)-broad limb buds (MP:0004574), 	Proximity to SMO Broad thumb (HP:0011304)-cleithrum hypoplastic, abnormal (ZP:0011078), 
103	IRAK3_AD	IRAK3	11213	AD	0.6571	0.0003	0.5038	0.0000	0.0000	0.4707	0.0000	0.5038	0.5038	1.0000	0		Brachydactyly (HP:0001156)-decreased diameter of femur (MP:0008152), Craniosynostosis (HP:0001363)-abnormal trabecular bone morphology (MP:0000130), Broad hallux (HP:0010055)-decreased diameter of femur (MP:0008152), Broad thumb (HP:0011304)-decreased diameter of femur (MP:0008152), 		Proximity to PRKD1 associated with Congenital heart defects and ectodermal dysplasia (OMIM:617364): Brachydactyly (HP:0001156)-Syndactyly (HP:0001159), Broad hallux (HP:0010055)-Syndactyly (HP:0001159), Broad thumb (HP:0011304)-Broad thumb (HP:0011304), 		
103	ITGAE_AD	ITGAE	3682	AD	0.6594	0.0003	0.5017	0.0000	0.0000	0.0000	0.0000	0.5017	0.5017	1.0000	0				Proximity to ITGB6 associated with Alopecia-intellectual disability syndrome (ORPHA:2850): Brachydactyly (HP:0001156)-Brachydactyly (HP:0001156), Broad hallux (HP:0010055)-Brachydactyly (HP:0001156), Broad thumb (HP:0011304)-Brachydactyly (HP:0001156), 	Proximity to ITGB6 Brachydactyly (HP:0001156)-abnormal digit morphology (MP:0002110), Craniosynostosis (HP:0001363)-abnormal eye morphology (MP:0002092), Broad hallux (HP:0010055)-abnormal digit morphology (MP:0002110), Broad thumb (HP:0011304)-abnormal digit morphology (MP:0002110), 	
103	DLGAP1_AD	DLGAP1	9229	AD	0.6592	0.0003	0.5017	0.0000	0.0000	0.3055	0.0000	0.5017	0.5017	1.0000	0		Craniosynostosis (HP:0001363)-abnormal eye morphology (MP:0002092), 		Proximity to DLG4 associated with Non-specific syndromic intellectual disability (ORPHA:528084): Brachydactyly (HP:0001156)-Short hallux (HP:0010109), Broad hallux (HP:0010055)-Broad hallux (HP:0010055), Broad thumb (HP:0011304)-Broad thumb (HP:0011304), 	Proximity to DLG4 Craniosynostosis (HP:0001363)-increased bone mineral content (MP:0010123), 	
103	CISH_AD	CISH	1154	AD	0.6591	0.0003	0.5017	0.0000	0.0000	0.0000	0.0000	0.5017	0.5017	1.0000	0				Proximity to GHR associated with Laron syndrome (ORPHA:633): Brachydactyly (HP:0001156)-Brachydactyly (HP:0001156), Broad hallux (HP:0010055)-Short toe (HP:0001831), Broad thumb (HP:0011304)-Brachydactyly (HP:0001156), 	Proximity to GHR Brachydactyly (HP:0001156)-abnormal long bone hypertrophic chondrocyte zone (MP:0000165), Craniosynostosis (HP:0001363)-delayed endochondral bone ossification (MP:0003419), Broad hallux (HP:0010055)-abnormal long bone hypertrophic chondrocyte zone (MP:0000165), Broad thumb (HP:0011304)-abnormal long bone hypertrophic chondrocyte zone (MP:0000165), 	
103	FGFR2_AR	FGFR2	2263	AR	0.6607	0.0003	0.5000	0.0000	0.8816	1.0000	0.0000	0.5063	1.0000	0.5000	0	Jackson-Weiss syndrome (OMIM:123150): Brachydactyly (HP:0001156)-Broad hallux (HP:0010055), Craniosynostosis (HP:0001363)-Craniosynostosis (HP:0001363), Broad hallux (HP:0010055)-Broad hallux (HP:0010055), Broad thumb (HP:0011304)-Broad metatarsal (HP:0001783), 	Brachydactyly (HP:0001156)-abnormal sternum morphology (MP:0000157), Craniosynostosis (HP:0001363)-premature cranial suture closure (MP:0000081), Broad hallux (HP:0010055)-abnormal sternum morphology (MP:0000157), Broad thumb (HP:0011304)-abnormal sternum morphology (MP:0000157), 		Proximity to SALL4 associated with Duane retraction syndrome (ORPHA:233): Brachydactyly (HP:0001156)-Brachydactyly (HP:0001156), Craniosynostosis (HP:0001363)-Plagiocephaly (HP:0001357), Broad hallux (HP:0010055)-Brachydactyly (HP:0001156), Broad thumb (HP:0011304)-Triphalangeal thumb (HP:0001199), 	Proximity to SALL4 Brachydactyly (HP:0001156)-abnormal digit morphology (MP:0002110), Craniosynostosis (HP:0001363)-abnormal carpal bone morphology (MP:0000554), Broad hallux (HP:0010055)-abnormal digit morphology (MP:0002110), Broad thumb (HP:0011304)-abnormal phalanx morphology (MP:0005306), 	
109	HDAC4_AR	HDAC4	9759	AR	0.6786	0.0002	0.4740	0.0000	0.6564	0.9480	0.5824	0.5348	0.9480	0.5000	0	2q37 microdeletion syndrome (ORPHA:1001): Brachydactyly (HP:0001156)-Brachydactyly (HP:0001156), Craniosynostosis (HP:0001363)-Frontal bossing (HP:0002007), Broad hallux (HP:0010055)-Toe syndactyly (HP:0001770), Broad thumb (HP:0011304)-Finger syndactyly (HP:0006101), 	Brachydactyly (HP:0001156)-abnormal long bone hypertrophic chondrocyte zone (MP:0000165), Craniosynostosis (HP:0001363)-premature lambdoid suture closure (MP:0030356), Broad hallux (HP:0010055)-abnormal long bone hypertrophic chondrocyte zone (MP:0000165), Broad thumb (HP:0011304)-abnormal long bone hypertrophic chondrocyte zone (MP:0000165), 	Craniosynostosis (HP:0001363)-anguloarticular premature ossification, abnormal (ZP:0107238), 	Proximity to BCORL1 associated with Non-specific syndromic intellectual disability (ORPHA:528084): Brachydactyly (HP:0001156)-Short hallux (HP:0010109), Broad hallux (HP:0010055)-Broad hallux (HP:0010055), Broad thumb (HP:0011304)-Broad thumb (HP:0011304), 	Proximity to BCORL1 Craniosynostosis (HP:0001363)-decreased bone mineral density (MP:0000063), 	
109	MECOM_AR	MECOM	2122	AR	0.6878	0.0002	0.4607	0.0000	0.4483	0.9213	0.3117	0.5337	0.9213	0.5000	0	Radioulnar synostosis with amegakaryocytic thrombocytopenia 2 (OMIM:616738): Brachydactyly (HP:0001156)-Overlapping fingers (HP:0010557), Broad hallux (HP:0010055)-Overlapping fingers (HP:0010557), Broad thumb (HP:0011304)-Short middle phalanx of the 4th finger (HP:0009295), 	Brachydactyly (HP:0001156)-brachydactyly (MP:0002544), Broad hallux (HP:0010055)-polydactyly (MP:0000562), Broad thumb (HP:0011304)-polydactyly (MP:0000562), 	Craniosynostosis (HP:0001363)-neurocranial trabecula shortened, abnormal (ZP:0000812), 	Proximity to SETBP1 associated with Schinzel-Giedion syndrome (ORPHA:798): Brachydactyly (HP:0001156)-Overlapping fingers (HP:0010557), Craniosynostosis (HP:0001363)-Wormian bones (HP:0002645), Broad hallux (HP:0010055)-Overlapping toe (HP:0001845), Broad thumb (HP:0011304)-Short 1st metacarpal (HP:0010034), 		
109	DUSP6_AR	DUSP6	1848	AR	0.6943	0.0002	0.4517	0.0000	0.2930	0.9034	0.0000	0.5024	0.9034	0.5000	0	Kallmann syndrome (ORPHA:478): Broad hallux (HP:0010055)-Pes cavus (HP:0001761), 	Brachydactyly (HP:0001156)-abnormal long bone epiphyseal ossification zone morphology (MP:0006399), Craniosynostosis (HP:0001363)-premature coronal suture closure (MP:0030350), Broad hallux (HP:0010055)-abnormal long bone epiphyseal ossification zone morphology (MP:0006399), Broad thumb (HP:0011304)-abnormal long bone epiphyseal ossification zone morphology (MP:0006399), 		Proximity to FGF10 associated with LADD syndrome (OMIM:149730): Brachydactyly (HP:0001156)-Preaxial polydactyly (HP:0100258), Broad hallux (HP:0010055)-Broad hallux (HP:0010055), Broad thumb (HP:0011304)-Bilateral triphalangeal thumbs (HP:0005707), 	Proximity to FGF10 Brachydactyly (HP:0001156)-abnormal pelvic girdle bone morphology (MP:0004509), Broad hallux (HP:0010055)-abnormal pelvic girdle bone morphology (MP:0004509), Broad thumb (HP:0011304)-abnormal pelvic girdle bone morphology (MP:0004509), 	Proximity to FGF10 Craniosynostosis (HP:0001363)-parasphenoid shape, abnormal (ZP:0005127), 
109	SPRY4_AR	SPRY4	81848	AR	0.6972	0.0002	0.4476	0.0000	0.2930	0.8951	0.0000	0.5016	0.8951	0.5000	0	Kallmann syndrome (ORPHA:478): Broad hallux (HP:0010055)-Pes cavus (HP:0001761), 	Brachydactyly (HP:0001156)-brachydactyly (MP:0002544), Craniosynostosis (HP:0001363)-abnormal cornea morphology (MP:0001312), Broad hallux (HP:0010055)-abnormal digit morphology (MP:0002110), Broad thumb (HP:0011304)-abnormal digit morphology (MP:0002110), 		Proximity to FGF8 associated with Kallmann syndrome (ORPHA:478): Broad hallux (HP:0010055)-Pes cavus (HP:0001761), 	Proximity to FGF8 Brachydactyly (HP:0001156)-syndactyly (MP:0000564), Broad hallux (HP:0010055)-syndactyly (MP:0000564), Broad thumb (HP:0011304)-syndactyly (MP:0000564), 	
109	COL2A1_AR	COL2A1	1280	AR	0.6995	0.0002	0.4440	0.0000	0.7749	0.8880	0.2243	0.0000	0.8880	0.5000	0	Spondyloperipheral dysplasia-short ulna syndrome (ORPHA:1856): Brachydactyly (HP:0001156)-Type E brachydactyly (HP:0005863), Broad hallux (HP:0010055)-Broad hallux (HP:0010055), Broad thumb (HP:0011304)-Short metatarsal (HP:0010743), 	Brachydactyly (HP:0001156)-brachydactyly (MP:0002544), Craniosynostosis (HP:0001363)-abnormal chondrocyte physiology (MP:0009780), Broad hallux (HP:0010055)-brachydactyly (MP:0002544), Broad thumb (HP:0011304)-brachydactyly (MP:0002544), 	Craniosynostosis (HP:0001363)-vertebra fused with vertebra, abnormal (ZP:0003541), 			
114	AGO2_AR	AGO2	27161	AR	0.8287	0.0000	0.2565	0.0000	0.8684	0.0000	0.0000	0.5130	0.8684	0.5000	0	Non-specific syndromic intellectual disability (ORPHA:528084): Brachydactyly (HP:0001156)-Short hallux (HP:0010109), Broad hallux (HP:0010055)-Broad hallux (HP:0010055), Broad thumb (HP:0011304)-Broad thumb (HP:0011304), 				Proximity to PRKRA Craniosynostosis (HP:0001363)-wide cranial sutures (MP:0030029), 	
114	FBXW11_AR	FBXW11	23291	AR	0.8286	0.0000	0.2565	0.0000	0.8684	0.0000	0.0000	0.5129	0.8684	0.5000	0	Non-specific syndromic intellectual disability (ORPHA:528084): Brachydactyly (HP:0001156)-Short hallux (HP:0010109), Broad hallux (HP:0010055)-Broad hallux (HP:0010055), Broad thumb (HP:0011304)-Broad thumb (HP:0011304), 			Proximity to AMER1 associated with Osteopathia striata with cranial sclerosis (OMIM:300373): Brachydactyly (HP:0001156)-Arachnodactyly (HP:0001166), Craniosynostosis (HP:0001363)-Delayed closure of the anterior fontanelle (HP:0001476), Broad hallux (HP:0010055)-Flexion contracture of toe (HP:0005830), Broad thumb (HP:0011304)-Arachnodactyly (HP:0001166), 	Proximity to AMER1 Brachydactyly (HP:0001156)-abnormal sternum morphology (MP:0000157), Craniosynostosis (HP:0001363)-abnormal cranial suture morphology (MP:0002835), Broad hallux (HP:0010055)-abnormal sternum morphology (MP:0000157), Broad thumb (HP:0011304)-abnormal ulna morphology (MP:0005108), 	
114	MED13_AR	MED13	9969	AR	0.8313	0.0000	0.2527	0.0000	0.8684	0.0000	0.0000	0.5054	0.8684	0.5000	0	Non-specific syndromic intellectual disability (ORPHA:528084): Brachydactyly (HP:0001156)-Short hallux (HP:0010109), Broad hallux (HP:0010055)-Broad hallux (HP:0010055), Broad thumb (HP:0011304)-Broad thumb (HP:0011304), 			Proximity to CHD7 associated with CHARGE syndrome (ORPHA:138): Brachydactyly (HP:0001156)-Brachydactyly (HP:0001156), Broad hallux (HP:0010055)-Brachydactyly (HP:0001156), Broad thumb (HP:0011304)-Clinodactyly of the 5th finger (HP:0004209), 	Proximity to CHD7 Brachydactyly (HP:0001156)-abnormal glenoid fossa morphology (MP:0030831), Craniosynostosis (HP:0001363)-facial asymmetry (MP:0030099), Broad hallux (HP:0010055)-abnormal glenoid fossa morphology (MP:0030831), Broad thumb (HP:0011304)-abnormal glenoid fossa morphology (MP:0030831), 	Proximity to CHD7 Craniosynostosis (HP:0001363)-bone mineralization process quality, abnormal (ZP:0008895), 
114	BPTF_AR	BPTF	2186	AR	0.8315	0.0000	0.2522	0.0000	0.8684	0.3290	0.0000	0.5044	0.8684	0.5000	0	Non-specific syndromic intellectual disability (ORPHA:528084): Brachydactyly (HP:0001156)-Short hallux (HP:0010109), Broad hallux (HP:0010055)-Broad hallux (HP:0010055), Broad thumb (HP:0011304)-Broad thumb (HP:0011304), 	Craniosynostosis (HP:0001363)-vertebral fusion (MP:0004609), 		Proximity to SETD1A associated with Non-specific syndromic intellectual disability (ORPHA:528084): Brachydactyly (HP:0001156)-Short hallux (HP:0010109), Broad hallux (HP:0010055)-Broad hallux (HP:0010055), Broad thumb (HP:0011304)-Broad thumb (HP:0011304), 	Proximity to SETD1A Craniosynostosis (HP:0001363)-increased bone mineral density (MP:0000062), 	
114	PUS7_AD	PUS7	54517	AD	0.8314	0.0000	0.2520	0.0000	0.8684	0.0000	0.0000	0.5040	0.8684	0.5000	0	Non-specific syndromic intellectual disability (ORPHA:528084): Brachydactyly (HP:0001156)-Short hallux (HP:0010109), Broad hallux (HP:0010055)-Broad hallux (HP:0010055), Broad thumb (HP:0011304)-Broad thumb (HP:0011304), 			Proximity to TRMT1 associated with Non-specific syndromic intellectual disability (ORPHA:528084): Brachydactyly (HP:0001156)-Short hallux (HP:0010109), Broad hallux (HP:0010055)-Broad hallux (HP:0010055), Broad thumb (HP:0011304)-Broad thumb (HP:0011304), 	Proximity to TRMT1 Craniosynostosis (HP:0001363)-abnormal retina vasculature morphology (MP:0002792), 	
114	KDM4B_AR	KDM4B	23030	AR	0.8327	0.0000	0.2501	0.0000	0.8684	0.0000	0.0000	0.5001	0.8684	0.5000	0	Non-specific syndromic intellectual disability (ORPHA:528084): Brachydactyly (HP:0001156)-Short hallux (HP:0010109), Broad hallux (HP:0010055)-Broad hallux (HP:0010055), Broad thumb (HP:0011304)-Broad thumb (HP:0011304), 			Proximity to KDM6A associated with Kabuki syndrome 2 (OMIM:300867): Brachydactyly (HP:0001156)-Brachydactyly (HP:0001156), Broad hallux (HP:0010055)-Brachydactyly (HP:0001156), Broad thumb (HP:0011304)-Short 5th finger (HP:0009237), 	Proximity to KDM6A Craniosynostosis (HP:0001363)-cranioschisis (MP:0000919), 	Proximity to KDM6A Craniosynostosis (HP:0001363)-ethmoid cartilage shortened, abnormal (ZP:0008435), 
